video_path,duration_seconds,subtitle_text
data/raw/videos\cothebanchuabiet\bancobiet48_7456068906801794322.mp4,0,No subtitles found
data/raw/videos\cothebanchuabiet\blogtamsu.nghenghiep_7462187075807218951.mp4,0,No subtitles found
data/raw/videos\cothebanchuabiet\bobaconboi__7312790695184436481.mp4,0,No subtitles found
data/raw/videos\cothebanchuabiet\bobaconboi__7336169176651828481.mp4,0,No subtitles found
data/raw/videos\cothebanchuabiet\caocuongvu_6984785929382743322.mp4,0,No subtitles found
data/raw/videos\cothebanchuabiet\caocuongvu_7062287293863841051.mp4,0,No subtitles found
data/raw/videos\cothebanchuabiet\cothe.banchuabiet_6989949912041475354.mp4,0,No subtitles found
data/raw/videos\cothebanchuabiet\cothebanchuabiet08_7237734108762262785.mp4,0,No subtitles found
data/raw/videos\cothebanchuabiet\cothebanchuabiet08_7241514751337975042.mp4,0,No subtitles found
data/raw/videos\cothebanchuabiet\cothebanchuabiet08_7264423536398175495.mp4,0,No subtitles found
data/raw/videos\cothebanchuabiet\cothebanchuabiet08_7275280853113031943.mp4,0,No subtitles found
data/raw/videos\cothebanchuabiet\cothebanchuabiet08_7282623691895229714.mp4,0,No subtitles found
data/raw/videos\cothebanchuabiet\cothebanchuabiet08_7282981602626424071.mp4,0,No subtitles found
data/raw/videos\cothebanchuabiet\cothebanchuabiet08_7284464745841691911.mp4,0,No subtitles found
data/raw/videos\cothebanchuabiet\cothebanchuabiet08_7293741112299195656.mp4,0,No subtitles found
data/raw/videos\cothebanchuabiet\cothebanchuabiet08_7295213896678378760.mp4,0,No subtitles found
data/raw/videos\cothebanchuabiet\cothebanchuabiet08_7295680422762089746.mp4,0,No subtitles found
data/raw/videos\cothebanchuabiet\cothebanchuabiet48_7442855961141742891.mp4,0,No subtitles found
data/raw/videos\cothebanchuabiet\cothebanchuabiiet_7256759420275674395.mp4,0,No subtitles found
data/raw/videos\cothebanchuabiet\cothebanchuabiiet_7279274227914591520.mp4,0,No subtitles found
data/raw/videos\cothebanchuabiet\cothebanchuabiiet_7298148581863705888.mp4,0,No subtitles found
data/raw/videos\cothebanchuabiet\cothebanchuatungbiet_7317346644582747425.mp4,0,No subtitles found
data/raw/videos\cothebanchuabiet\cuongfox_7147875975299157274.mp4,0,No subtitles found
data/raw/videos\cothebanchuabiet\dangthicamhang56983_7433633011993693448.mp4,0,No subtitles found
data/raw/videos\cothebanchuabiet\davoslingo_7192896728125754651.mp4,0,No subtitles found
data/raw/videos\cothebanchuabiet\davoslingo_7196978142987291930.mp4,0,No subtitles found
data/raw/videos\cothebanchuabiet\davoslingo_7254496595167743238.mp4,0,No subtitles found
data/raw/videos\cothebanchuabiet\doroi14_7024484607290641691.mp4,0,No subtitles found
data/raw/videos\cothebanchuabiet\dundun.22_7295255984933588226.mp4,0,No subtitles found
data/raw/videos\cothebanchuabiet\dxbged_6934595217060285697.mp4,0,No subtitles found
data/raw/videos\cothebanchuabiet\gianghomang247_7411090218905849105.mp4,0,No subtitles found
data/raw/videos\cothebanchuabiet\hocvahoi17022024_7442765435642072327.mp4,0,No subtitles found
data/raw/videos\cothebanchuabiet\khoahocdehieu_7290160708300459282.mp4,0,No subtitles found
data/raw/videos\cothebanchuabiet\kienthucboichne_7382291729417833736.mp4,0,No subtitles found
data/raw/videos\cothebanchuabiet\lglien_i07_7352373995993337089.mp4,0,No subtitles found
data/raw/videos\cothebanchuabiet\lyst147_7333944553088519426.mp4,0,No subtitles found
data/raw/videos\cothebanchuabiet\lyst147_7367583584464424210.mp4,0,No subtitles found
data/raw/videos\cothebanchuabiet\memelike_sayhi012_7099775471646280987.mp4,0,No subtitles found
data/raw/videos\cothebanchuabiet\moli.discovery_7155756151387278594.mp4,0,No subtitles found
data/raw/videos\cothebanchuabiet\quinhhbae_7374041362326359303.mp4,0,No subtitles found
data/raw/videos\cothebanchuabiet\riconviu_7447177516990745864.mp4,0,No subtitles found
data/raw/videos\cothebanchuabiet\thegioigoole_7367376544823528705.mp4,0,No subtitles found
data/raw/videos\cothebanchuabiet\thegioigoole_7393689394382703888.mp4,0,No subtitles found
data/raw/videos\cothebanchuabiet\thegioigoole_7438093541018029319.mp4,0,No subtitles found
data/raw/videos\cothebanchuabiet\thutiensinh68_6894912747218210049.mp4,0,No subtitles found
data/raw/videos\cothebanchuabiet\toilapic34s_7232875707599179034.mp4,0,No subtitles found
data/raw/videos\cothebanchuabiet\trumffr_7443758191286013192.mp4,0,No subtitles found
data/raw/videos\cothebanchuabiet\vuameovat2000_7467776050198547719.mp4,0,No subtitles found
data/raw/videos\cothebanchuabiet\_sjeeiynh.16_7352410247207587088.mp4,0,No subtitles found
data/raw/videos\cothebanchuabiet\__cothebanchuabiet_7432744136979041543.mp4,0,No subtitles found
data/raw/videos\duongloithoi\anh.chia.se.04_7464941752193961234.mp4,0,No subtitles found
data/raw/videos\duongloithoi\bepnhalechau2_7467815301682433298.mp4,0,No subtitles found
data/raw/videos\duongloithoi\bunoc258_7466541721476762898.mp4,0,No subtitles found
data/raw/videos\duongloithoi\chaudiem2209_7465195258201115911.mp4,0,No subtitles found
data/raw/videos\duongloithoi\chaudiem2209_7467509959807225106.mp4,0,No subtitles found
data/raw/videos\duongloithoi\chaudiem2209_7467617601909247239.mp4,0,No subtitles found
data/raw/videos\duongloithoi\duongloichoi_7372548363809590546.mp4,0,No subtitles found
data/raw/videos\duongloithoi\duongloichoi_7389498410010692880.mp4,0,No subtitles found
data/raw/videos\duongloithoi\duongloithoi85_7389979820626693392.mp4,0,No subtitles found
data/raw/videos\duongloithoi\duongloithoi85_7390550438866685200.mp4,0,No subtitles found
data/raw/videos\duongloithoi\duongloithoi85_7390687400978042128.mp4,0,No subtitles found
data/raw/videos\duongloithoi\duongloithoi85_7422086414524894485.mp4,0,No subtitles found
data/raw/videos\duongloithoi\duongloithoi85_7459994612304760082.mp4,0,No subtitles found
data/raw/videos\duongloithoi\duongloithoi85_7464433434342001927.mp4,0,No subtitles found
data/raw/videos\duongloithoi\duongloithoi85_7464862904274144520.mp4,0,No subtitles found
data/raw/videos\duongloithoi\duongloithoichiase8_7454491749038296328.mp4,0,No subtitles found
data/raw/videos\duongloithoi\duongloithoihaman_6910894981481860353.mp4,0,No subtitles found
data/raw/videos\duongloithoi\duongloithoihaman_6915971450251808002.mp4,0,No subtitles found
data/raw/videos\duongloithoi\duongloithoihaman_6917923251192679682.mp4,0,No subtitles found
data/raw/videos\duongloithoi\duongloithoihaman_6924260873754217729.mp4,0,No subtitles found
data/raw/videos\duongloithoi\duongloithoihaman_6929832808214957313.mp4,0,No subtitles found
data/raw/videos\duongloithoi\duongloithoihaman_6936142323134827778.mp4,0,No subtitles found
data/raw/videos\duongloithoi\duongloithoihaman_6941322938935250177.mp4,0,No subtitles found
data/raw/videos\duongloithoi\duongloithoihaman_6942326917118921986.mp4,0,No subtitles found
data/raw/videos\duongloithoi\duongloithoihaman_6943179940720430337.mp4,0,No subtitles found
data/raw/videos\duongloithoi\duongloithoihaman_6960253529734778114.mp4,0,No subtitles found
data/raw/videos\duongloithoi\duongloithoihaman_6968410253457198338.mp4,0,No subtitles found
data/raw/videos\duongloithoi\duongloithoihaman_7056730634332507419.mp4,0,No subtitles found
data/raw/videos\duongloithoi\duongloithoihaman_7347918260454558978.mp4,0,No subtitles found
data/raw/videos\duongloithoi\duongloithoihaman_7351001420641897730.mp4,0,No subtitles found
data/raw/videos\duongloithoi\duongloithoihaman_7394350602593111312.mp4,0,No subtitles found
data/raw/videos\duongloithoi\duongloithoihaman_7441080328468368658.mp4,0,No subtitles found
data/raw/videos\duongloithoi\duongloithoihaman_7444572920271129863.mp4,0,No subtitles found
data/raw/videos\duongloithoi\duongloithoihaman_7444949406631218450.mp4,0,No subtitles found
data/raw/videos\duongloithoi\duongloithoihaman_7464204009113439506.mp4,0,No subtitles found
data/raw/videos\duongloithoi\duongloithoireviewmoithu_7426196936346078485.mp4,0,No subtitles found
data/raw/videos\duongloithoi\hanh90tb_7467117267914984711.mp4,0,No subtitles found
data/raw/videos\duongloithoi\huexaykenhreviewmoithu_7466116938800860423.mp4,0,No subtitles found
data/raw/videos\duongloithoi\lienne98_7464852422519737607.mp4,0,No subtitles found
data/raw/videos\duongloithoi\lienne98_7466005637273603336.mp4,0,No subtitles found
data/raw/videos\duongloithoi\linhngo100295_7467169590833974536.mp4,0,No subtitles found
data/raw/videos\duongloithoi\maiphuong.giaovien_7467103829138607368.mp4,0,No subtitles found
data/raw/videos\duongloithoi\maiphuong.giaovien_7467716297200110866.mp4,0,No subtitles found
data/raw/videos\duongloithoi\nintrainghiem_7465895910346689800.mp4,0,No subtitles found
data/raw/videos\duongloithoi\nintrainghiem_7465996369170271495.mp4,0,No subtitles found
data/raw/videos\duongloithoi\th.thy.l744_7466189916020526343.mp4,0,No subtitles found
data/raw/videos\duongloithoi\thaothao0489_7467835410643700999.mp4,0,No subtitles found
data/raw/videos\duongloithoi\tienle5013_7467784485816339720.mp4,0,No subtitles found
data/raw/videos\duongloithoi\trung.923_7467807733706673415.mp4,0,No subtitles found
data/raw/videos\meovatcuocsong\anhbabeo.review_7397256641327959304.mp4,0,No subtitles found
data/raw/videos\meovatcuocsong\bangmoc325_7294831146322382098.mp4,0,No subtitles found
data/raw/videos\meovatcuocsong\banhunlatui_7466314024540589320.mp4,0,No subtitles found
data/raw/videos\meovatcuocsong\bimbumne_7446760653798395144.mp4,0,No subtitles found
data/raw/videos\meovatcuocsong\chamnha.15_7441811193846713608.mp4,0,No subtitles found
data/raw/videos\meovatcuocsong\chinoitro.daily_7368698678581693712.mp4,0,No subtitles found
data/raw/videos\meovatcuocsong\davoslingo_6988428576467029275.mp4,0,No subtitles found
data/raw/videos\meovatcuocsong\diepnoitro93_7345003824081374466.mp4,0,No subtitles found
data/raw/videos\meovatcuocsong\donglucsongmoingay_7004666044061158683.mp4,0,No subtitles found
data/raw/videos\meovatcuocsong\dungdanda90_7374972753075555601.mp4,0,No subtitles found
data/raw/videos\meovatcuocsong\hdcl_dogiadung_7408883819153083655.mp4,0,No subtitles found
data/raw/videos\meovatcuocsong\houseware70_7243258880195611905.mp4,0,No subtitles found
data/raw/videos\meovatcuocsong\khatienich_7456682027903945991.mp4,0,No subtitles found
data/raw/videos\meovatcuocsong\lanphuongchiase_7453719087957544200.mp4,0,No subtitles found
data/raw/videos\meovatcuocsong\meodanhchoban_7350897075342576903.mp4,0,No subtitles found
data/raw/videos\meovatcuocsong\meodanhchoban_7379093247357947144.mp4,0,No subtitles found
data/raw/videos\meovatcuocsong\meodanhchoban_7436980829856812306.mp4,0,No subtitles found
data/raw/videos\meovatcuocsong\meodanhchoban_7445900386440858888.mp4,0,No subtitles found
data/raw/videos\meovatcuocsong\meovat.80_7452618393707891986.mp4,0,No subtitles found
data/raw/videos\meovatcuocsong\meovatcuocsong.vn2_7463328516491185415.mp4,0,No subtitles found
data/raw/videos\meovatcuocsong\meovatcuocsong.vn2_7463707181322423570.mp4,0,No subtitles found
data/raw/videos\meovatcuocsong\meovatcuocsong227_7339180044004216071.mp4,0,No subtitles found
data/raw/videos\meovatcuocsong\mo.hay.cuc.sng71_7415620277163379975.mp4,0,No subtitles found
data/raw/videos\meovatcuocsong\ngocmin.review_7354273264002256136.mp4,0,No subtitles found
data/raw/videos\meovatcuocsong\ngocmin.review_7379965409438534919.mp4,0,No subtitles found
data/raw/videos\meovatcuocsong\nguyettoctem_7398402895361690898.mp4,0,No subtitles found
data/raw/videos\meovatcuocsong\nguyettoctem_7398771423789042962.mp4,0,No subtitles found
data/raw/videos\meovatcuocsong\nguyettoctem_7399284886189640967.mp4,0,No subtitles found
data/raw/videos\meovatcuocsong\nguynilinh_7366130995877203217.mp4,0,No subtitles found
data/raw/videos\meovatcuocsong\nhamaydiepphuong_7464826774074002706.mp4,0,No subtitles found
data/raw/videos\meovatcuocsong\papapetla_7396230790683708690.mp4,0,No subtitles found
data/raw/videos\meovatcuocsong\papapetla_7422548959157030152.mp4,0,No subtitles found
data/raw/videos\meovatcuocsong\phamthuchin66_7023296283800522010.mp4,0,No subtitles found
data/raw/videos\meovatcuocsong\phamthuchin66_7025417818917145882.mp4,0,No subtitles found
data/raw/videos\meovatcuocsong\phantrungnguyen37_7087235100957592858.mp4,0,No subtitles found
data/raw/videos\meovatcuocsong\pytagoshop_7325105567888837896.mp4,0,No subtitles found
data/raw/videos\meovatcuocsong\sen.hoong_7432237650372807954.mp4,0,No subtitles found
data/raw/videos\meovatcuocsong\shopdungcuthongminh_7363609643391749377.mp4,0,No subtitles found
data/raw/videos\meovatcuocsong\shopdungcuthongminh_7441148342618311943.mp4,0,No subtitles found
data/raw/videos\meovatcuocsong\shopgiadun.g_7311968070073994498.mp4,0,No subtitles found
data/raw/videos\meovatcuocsong\teedee_home8386_7229681504228527366.mp4,0,No subtitles found
data/raw/videos\meovatcuocsong\thiensamsung.ne_7451543535100169479.mp4,0,No subtitles found
data/raw/videos\meovatcuocsong\tiemcothoa1_7463346897533603080.mp4,0,No subtitles found
data/raw/videos\meovatcuocsong\toantrainghiem89_7384419776724012306.mp4,0,No subtitles found
data/raw/videos\meovatcuocsong\trangtienich1_7435905127757647111.mp4,0,No subtitles found
data/raw/videos\meovatcuocsong\trangtienich1_7446599635638045959.mp4,0,No subtitles found
data/raw/videos\meovatcuocsong\trangtienich1_7450734056041434375.mp4,0,No subtitles found
data/raw/videos\meovatcuocsong\truclinhchery_7178727752403553582.mp4,0,No subtitles found
data/raw/videos\meovatcuocsong\tungmatveo_7424369177861082375.mp4,0,No subtitles found
data/raw/videos\meovatcuocsong\_healthharmony__7340499295990254849.mp4,0,No subtitles found
data/raw/videos\sachhay\aria7014_7270431086721764614.mp4,0,No subtitles found
data/raw/videos\sachhay\atpbook.vn_7276653483120479490.mp4,0,No subtitles found
data/raw/videos\sachhay\atpbook.vn_7279973125385637121.mp4,0,No subtitles found
data/raw/videos\sachhay\booktokvietnam_7184412180110970138.mp4,0,No subtitles found
data/raw/videos\sachhay\brightday923_7315264317304163585.mp4,0,No subtitles found
data/raw/videos\sachhay\brightday923_7316904185901894913.mp4,0,No subtitles found
data/raw/videos\sachhay\conhantri_7405756962757020935.mp4,0,No subtitles found
data/raw/videos\sachhay\doanducdong_7165373270877834522.mp4,0,No subtitles found
data/raw/videos\sachhay\docsachmoingay2003_7234492930302414086.mp4,0,No subtitles found
data/raw/videos\sachhay\docsachmoingay2003_7372167098207931655.mp4,0,No subtitles found
data/raw/videos\sachhay\dongchaynangluong_7443766276452912392.mp4,0,No subtitles found
data/raw/videos\sachhay\growthwithlily_7354042217050213639.mp4,0,No subtitles found
data/raw/videos\sachhay\haminreview_7364783760539176200.mp4,0,No subtitles found
data/raw/videos\sachhay\hellodituyet_7356960208192687378.mp4,0,No subtitles found
data/raw/videos\sachhay\hieusachcuatan_7351031369008467201.mp4,0,No subtitles found
data/raw/videos\sachhay\hn8324_7328715078444780802.mp4,0,No subtitles found
data/raw/videos\sachhay\hoctapoday_7189580063719902490.mp4,0,No subtitles found
data/raw/videos\sachhay\isachhay_7462758603137584392.mp4,0,No subtitles found
data/raw/videos\sachhay\ivybook96_7434150169844681991.mp4,0,No subtitles found
data/raw/videos\sachhay\ivybook96_7456785201994337543.mp4,0,No subtitles found
data/raw/videos\sachhay\khah_llinnh.02_7349888890049694984.mp4,0,No subtitles found
data/raw/videos\sachhay\lionbooks7_7402565085169798408.mp4,0,No subtitles found
data/raw/videos\sachhay\mandocsach_7177976587202088219.mp4,0,No subtitles found
data/raw/videos\sachhay\mireader304_7382928920066198802.mp4,0,No subtitles found
data/raw/videos\sachhay\ngaydepvoisach_7257564729286135046.mp4,0,No subtitles found
data/raw/videos\sachhay\philinhngok_7445164008916782344.mp4,0,No subtitles found
data/raw/videos\sachhay\readingwith.h_7261584240700165377.mp4,0,No subtitles found
data/raw/videos\sachhay\sachhay56_7245411427312274694.mp4,0,No subtitles found
data/raw/videos\sachhay\sachhay7days_official_7160333418805382426.mp4,0,No subtitles found
data/raw/videos\sachhay\sachhay7days_official_7163277368138698010.mp4,0,No subtitles found
data/raw/videos\sachhay\sachhay7days_official_7163303453463219482.mp4,0,No subtitles found
data/raw/videos\sachhay\sachhay7days_official_7185203232338185498.mp4,0,No subtitles found
data/raw/videos\sachhay\sachhay7days_official_7188131183698447643.mp4,0,No subtitles found
data/raw/videos\sachhay\sachhay7days_official_7230432759561374981.mp4,0,No subtitles found
data/raw/videos\sachhay\sachhay7days_official_7231932027199606022.mp4,0,No subtitles found
data/raw/videos\sachhay\sachhay7days_official_7232865654590770438.mp4,0,No subtitles found
data/raw/videos\sachhay\sachhay7days_official_7244403134787800325.mp4,0,No subtitles found
data/raw/videos\sachhay\sachhay7days_official_7245282718970334470.mp4,0,No subtitles found
data/raw/videos\sachhay\sachhay7days_official_7246633137722199302.mp4,0,No subtitles found
data/raw/videos\sachhay\sachhay7days_official_7246808123204193541.mp4,0,No subtitles found
data/raw/videos\sachhay\sachhay7days_official_7256802449531407621.mp4,0,No subtitles found
data/raw/videos\sachhay\sachhay7days_official_7275778724228828417.mp4,0,No subtitles found
data/raw/videos\sachhay\sachhay7days_official_7278356764989394178.mp4,0,No subtitles found
data/raw/videos\sachhay\sachhay7days_official_7290234685219704066.mp4,0,No subtitles found
data/raw/videos\sachhay\sachhaymoingay301_7431054804199263506.mp4,0,No subtitles found
data/raw/videos\sachhay\startwithplan_7356545550470221072.mp4,0,No subtitles found
data/raw/videos\sachhay\sun_2000dn_7411033300166315272.mp4,0,No subtitles found
data/raw/videos\sachhay\trangsachhaytv_7356090434541587720.mp4,0,No subtitles found
data/raw/videos\sachhay\vitamin_sach_7151034253143231770.mp4,0,No subtitles found
data/raw/videos\sachhay\withvung_7364727625136213290.mp4,0,No subtitles found
data/raw/videos\socola\anflowerandnest_7467064230810881288.mp4,0,No subtitles found
data/raw/videos\socola\annie.riviu_7414063706012749064.mp4,0,No subtitles found
data/raw/videos\socola\anvatcungdua_7315391017996307714.mp4,0,No subtitles found
data/raw/videos\socola\anvatnhacun_7449237933929876743.mp4,0,No subtitles found
data/raw/videos\socola\banban.anvat1_7418276219709377808.mp4,0,No subtitles found
data/raw/videos\socola\bebeconconhcm_7152387659434954011.mp4,0,No subtitles found
data/raw/videos\socola\bich.thao430_7464757703043337479.mp4,0,No subtitles found
data/raw/videos\socola\bichngocamthuc_7188749071388101915.mp4,0,No subtitles found
data/raw/videos\socola\chang.baee_7346427704549346561.mp4,0,No subtitles found
data/raw/videos\socola\chucha_cute_7461636098637270289.mp4,0,No subtitles found
data/raw/videos\socola\chutunghamvui66988_7080733418371190042.mp4,0,No subtitles found
data/raw/videos\socola\cohaidongnat1_7453641335526968583.mp4,0,No subtitles found
data/raw/videos\socola\cohaidongnat1_7454004161240157458.mp4,0,No subtitles found
data/raw/videos\socola\cohaidongnat1_7454076262378654984.mp4,0,No subtitles found
data/raw/videos\socola\dautayyyshop_7427781246652009735.mp4,0,No subtitles found
data/raw/videos\socola\dinhyenchocolate_7329117520470854913.mp4,0,No subtitles found
data/raw/videos\socola\dinhyenchocolate_7330507033541741826.mp4,0,No subtitles found
data/raw/videos\socola\doanvatngonnhabeo_7286766093245353217.mp4,0,No subtitles found
data/raw/videos\socola\doanvatngonnhabeo_7350958626900692225.mp4,0,No subtitles found
data/raw/videos\socola\dungbechuyenmatnick_7458948471559605522.mp4,0,No subtitles found
data/raw/videos\socola\hoangthao_family_7446657432593419527.mp4,0,No subtitles found
data/raw/videos\socola\hongdiep19103_7431787277879201032.mp4,0,No subtitles found
data/raw/videos\socola\hunter.vn_7347330182727929090.mp4,0,No subtitles found
data/raw/videos\socola\kieuhuong3533_7197025521375464731.mp4,0,No subtitles found
data/raw/videos\socola\kieuhuong3533_7326905497209064712.mp4,0,No subtitles found
data/raw/videos\socola\lacvietintech.implant_7153254107287932161.mp4,0,No subtitles found
data/raw/videos\socola\linhanvatlc2_7299833103076347144.mp4,0,No subtitles found
data/raw/videos\socola\manhshop8688_7467760793207999751.mp4,0,No subtitles found
data/raw/videos\socola\meoanvat99_7285997708660280578.mp4,0,No subtitles found
data/raw/videos\socola\mood_choco_7373671121478094096.mp4,0,No subtitles found
data/raw/videos\socola\nhuthuynh77c1_7443393951668768007.mp4,0,No subtitles found
data/raw/videos\socola\phamhongn01_7459335193736924432.mp4,0,No subtitles found
data/raw/videos\socola\premium.gift.boxes_7464539454477192455.mp4,0,No subtitles found
data/raw/videos\socola\qhd1210_7429749179737492754.mp4,0,No subtitles found
data/raw/videos\socola\quynhstore96_7450907831915629841.mp4,0,No subtitles found
data/raw/videos\socola\quynhtrang959595_7443032978000727304.mp4,0,No subtitles found
data/raw/videos\socola\reviewnhanhchong_7448220458203237640.mp4,0,No subtitles found
data/raw/videos\socola\sieuthihangmygiatot_7432708035165932807.mp4,0,No subtitles found
data/raw/videos\socola\socolahandmade88_7455318329377557761.mp4,0,No subtitles found
data/raw/videos\socola\taibakery_7197304764579794202.mp4,0,No subtitles found
data/raw/videos\socola\thanhtuyendaily_7372176364985781512.mp4,0,No subtitles found
data/raw/videos\socola\thanhtuyendaily_7383993787669875986.mp4,0,No subtitles found
data/raw/videos\socola\thihanhriviu_7431490311936937224.mp4,0,No subtitles found
data/raw/videos\socola\thu.cuc.91_7443683991221292295.mp4,0,No subtitles found
data/raw/videos\socola\tiemcafemoon_7328400487915556098.mp4,0,No subtitles found
data/raw/videos\socola\tienbeu.hp_7455267452629339398.mp4,0,No subtitles found
data/raw/videos\socola\tunauan68_7449287885624216840.mp4,0,No subtitles found
data/raw/videos\socola\vietphuongthoa98_7413369539485764871.mp4,0,No subtitles found
data/raw/videos\socola\vocphamhn_7462287158070545682.mp4,0,No subtitles found
data/raw/videos\socola\_leehvi__7445530363377552658.mp4,0,No subtitles found
data/raw/videos\streetfood\agi_store_7461887179145350408.mp4,0,No subtitles found
data/raw/videos\streetfood\asianstreetfood98_7384866126414482705.mp4,0,No subtitles found
data/raw/videos\streetfood\asianstreetfoodking_7410126881011289362.mp4,0,No subtitles found
data/raw/videos\streetfood\bellymind_7051843291171638554.mp4,0,No subtitles found
data/raw/videos\streetfood\benux.edit_7444532158594600234.mp4,0,No subtitles found
data/raw/videos\streetfood\biteswithlily_7305757699386461441.mp4,0,No subtitles found
data/raw/videos\streetfood\di_anvat_7434140116475514130.mp4,0,No subtitles found
data/raw/videos\streetfood\foodblogger.wei_7362291384331767086.mp4,0,No subtitles found
data/raw/videos\streetfood\fooddilex5_7413730185197014292.mp4,0,No subtitles found
data/raw/videos\streetfood\foodie.cam_7457035514609175826.mp4,0,No subtitles found
data/raw/videos\streetfood\food_do_eat003_7355921574966463776.mp4,0,No subtitles found
data/raw/videos\streetfood\forkspoonmanila_6804758549239975169.mp4,0,No subtitles found
data/raw/videos\streetfood\funkychips01_7354370418590879009.mp4,0,No subtitles found
data/raw/videos\streetfood\jessefoods1_7269324492843928875.mp4,0,No subtitles found
data/raw/videos\streetfood\kimdungbuii_7436001893047913735.mp4,0,No subtitles found
data/raw/videos\streetfood\kosnio_7361036505529240849.mp4,0,No subtitles found
data/raw/videos\streetfood\kpfooddiariesunofficial_7434153927924354337.mp4,0,No subtitles found
data/raw/videos\streetfood\lillyssnook_7451290536129957153.mp4,0,No subtitles found
data/raw/videos\streetfood\magnetic.bell_7377367234764623120.mp4,0,No subtitles found
data/raw/videos\streetfood\magnetic.bell_7383660693146406161.mp4,0,No subtitles found
data/raw/videos\streetfood\magnetic.bell_7405645638542576903.mp4,0,No subtitles found
data/raw/videos\streetfood\magnetic.bell_7415649268725288210.mp4,0,No subtitles found
data/raw/videos\streetfood\mayofood_7263819661840583954.mp4,0,No subtitles found
data/raw/videos\streetfood\meetyou375_7341297473794706690.mp4,0,No subtitles found
data/raw/videos\streetfood\nativetyfood_7431657439541333290.mp4,0,No subtitles found
data/raw/videos\streetfood\nikkacarolino_7433052739699035409.mp4,0,No subtitles found
data/raw/videos\streetfood\painaideereview_7398582443294477576.mp4,0,No subtitles found
data/raw/videos\streetfood\pandasakha_7420639688756612360.mp4,0,No subtitles found
data/raw/videos\streetfood\sayaeattheworld_7039549617222044974.mp4,0,No subtitles found
data/raw/videos\streetfood\seagull_food_7245089087139400962.mp4,0,No subtitles found
data/raw/videos\streetfood\seagull_food_7285949350763662593.mp4,0,No subtitles found
data/raw/videos\streetfood\seagull_food_7317905693300837633.mp4,0,No subtitles found
data/raw/videos\streetfood\speedfoods_channel_7302740678952389894.mp4,0,No subtitles found
data/raw/videos\streetfood\stmnir_7408293929575124256.mp4,0,No subtitles found
data/raw/videos\streetfood\streetfood8916_7456422547790318894.mp4,0,No subtitles found
data/raw/videos\streetfood\streetfoodclip_7255802625449348357.mp4,0,No subtitles found
data/raw/videos\streetfood\streetfoodclip_7258681919548722437.mp4,0,No subtitles found
data/raw/videos\streetfood\streetfoodclip_7260163958408088837.mp4,0,No subtitles found
data/raw/videos\streetfood\streetfoodeasy_7433754890268101896.mp4,0,No subtitles found
data/raw/videos\streetfood\streetfoodworldz_7390909596170194206.mp4,0,No subtitles found
data/raw/videos\streetfood\street_food71_7367029879046556971.mp4,0,No subtitles found
data/raw/videos\streetfood\tastyfoodtrip1_7316836708090203394.mp4,0,No subtitles found
data/raw/videos\streetfood\thefoodworld68_7362208694962081066.mp4,0,No subtitles found
data/raw/videos\streetfood\thefoodworld68_7378507191101213982.mp4,0,No subtitles found
data/raw/videos\streetfood\user5335210483332_7247436124967177490.mp4,0,No subtitles found
data/raw/videos\streetfood\wilmarbaguinan_7399618406988762386.mp4,0,No subtitles found
data/raw/videos\streetfood\world.foodie8_7264356791348153608.mp4,0,No subtitles found
data/raw/videos\streetfood\wsfc888_7123312966115724590.mp4,0,No subtitles found
data/raw/videos\streetfood\yummy_food02_7429898743647849729.mp4,0,No subtitles found
data/raw/videos\streetfood\yumyumindia_7128329015399714094.mp4,0,No subtitles found
data/raw/videos\tamlyhoc\22_22_l_7085654634869706011.mp4,0,No subtitles found
data/raw/videos\tamlyhoc\22_22_l_7154691522380827931.mp4,0,No subtitles found
data/raw/videos\tamlyhoc\69.channel1_7370197796130934034.mp4,0,No subtitles found
data/raw/videos\tamlyhoc\bacsigiang.dieuritramcam_7281986301321137415.mp4,0,No subtitles found
data/raw/videos\tamlyhoc\bacthayxaydungcongdong_7264898881584958722.mp4,0,No subtitles found
data/raw/videos\tamlyhoc\baobeiiphn_7342136598504475911.mp4,0,No subtitles found
data/raw/videos\tamlyhoc\bookland.vn_7215927268940483867.mp4,0,No subtitles found
data/raw/videos\tamlyhoc\caothaochiase_7202634825889500442.mp4,0,No subtitles found
data/raw/videos\tamlyhoc\chinhtai97_7358420748236524801.mp4,0,No subtitles found
data/raw/videos\tamlyhoc\cochidei_7299688765079981314.mp4,0,No subtitles found
data/raw/videos\tamlyhoc\cochidei_7365854648911105297.mp4,0,No subtitles found
data/raw/videos\tamlyhoc\daihocdunghocdaiofficial_7246980348628716802.mp4,0,No subtitles found
data/raw/videos\tamlyhoc\factallday_7012559233329761537.mp4,0,No subtitles found
data/raw/videos\tamlyhoc\hongdocsach_7211074534558993670.mp4,0,No subtitles found
data/raw/videos\tamlyhoc\huynhanhbinh_7200962177367428378.mp4,0,No subtitles found
data/raw/videos\tamlyhoc\kethaotungtamlyyy_7273859915909729541.mp4,0,No subtitles found
data/raw/videos\tamlyhoc\kht.vng.tui.tr7_7452737125021240584.mp4,0,No subtitles found
data/raw/videos\tamlyhoc\lifecoachtuean_7388103130497486096.mp4,0,No subtitles found
data/raw/videos\tamlyhoc\luongandy01_7286329832093273362.mp4,0,No subtitles found
data/raw/videos\tamlyhoc\luonganhmyy_7158300108465999131.mp4,0,No subtitles found
data/raw/videos\tamlyhoc\maingtrann_7224752473347493125.mp4,0,No subtitles found
data/raw/videos\tamlyhoc\moodmystery.behinddadoor_7368773058733149441.mp4,0,No subtitles found
data/raw/videos\tamlyhoc\ngocbinhtamly_6959410763811261697.mp4,0,No subtitles found
data/raw/videos\tamlyhoc\ngocvanw_7387745113386011921.mp4,0,No subtitles found
data/raw/videos\tamlyhoc\peanutottt_7375131498745285889.mp4,0,No subtitles found
data/raw/videos\tamlyhoc\positiveenergy.official_7221825985597934874.mp4,0,No subtitles found
data/raw/videos\tamlyhoc\quang_anh_psycho_7054406548931595547.mp4,0,No subtitles found
data/raw/videos\tamlyhoc\quang_anh_psycho_7106005531223018779.mp4,0,No subtitles found
data/raw/videos\tamlyhoc\quang_anh_psycho_7369978308194323728.mp4,0,No subtitles found
data/raw/videos\tamlyhoc\secretthingsssss_7318313395009146120.mp4,0,No subtitles found
data/raw/videos\tamlyhoc\tam.ly_hoc_7387602485197802769.mp4,0,No subtitles found
data/raw/videos\tamlyhoc\tamlyhocthanhcong_7431613352390003969.mp4,0,No subtitles found
data/raw/videos\tamlyhoc\tamlyhoctuoitre_7332010149017701650.mp4,0,No subtitles found
data/raw/videos\tamlyhoc\tamlyhoc_4_you_7420793750059863303.mp4,0,No subtitles found
data/raw/videos\tamlyhoc\tamlytoipham_moingay_7433052123413089557.mp4,0,No subtitles found
data/raw/videos\tamlyhoc\thaydoitungngay35_7384296527985921296.mp4,0,No subtitles found
data/raw/videos\tamlyhoc\thedecocks_7385143990242381074.mp4,0,No subtitles found
data/raw/videos\tamlyhoc\thuviencuapepper_7306746018861796641.mp4,0,No subtitles found
data/raw/videos\tamlyhoc\tonhia_mumlady_7217074440356564251.mp4,0,No subtitles found
data/raw/videos\tamlyhoc\tonhia_mumlady_7270130481063283973.mp4,0,No subtitles found
data/raw/videos\tamlyhoc\tramdongluc38_7433017511588777233.mp4,0,No subtitles found
data/raw/videos\tamlyhoc\tramdongluc38_7434556459100146962.mp4,0,No subtitles found
data/raw/videos\tamlyhoc\trananhtuanceo_7016654961446620442.mp4,0,No subtitles found
data/raw/videos\tamlyhoc\trinhthamlover_7364713611543022855.mp4,0,No subtitles found
data/raw/videos\tamlyhoc\tusachtamly.songkhac_7115780140025629979.mp4,0,No subtitles found
data/raw/videos\tamlyhoc\tusachtuluc.sbooks_7357299969423904007.mp4,0,No subtitles found
data/raw/videos\tamlyhoc\vianhchannel_7301937401226611969.mp4,0,No subtitles found
data/raw/videos\tamlyhoc\vividx.vi_7012982578114268442.mp4,0,No subtitles found
data/raw/videos\tamlyhoc\wakaebook_7298739775417240834.mp4,0,No subtitles found
data/raw/videos\tamlyhoc\_deadzonnne__7106343436202052891.mp4,0,No subtitles found
data/raw/videos\tapxaykenh\biquyetxaykenh79_7374964620013964552.mp4,0,No subtitles found
data/raw/videos\tapxaykenh\brandt.dare_7464625124361161991.mp4,0,No subtitles found
data/raw/videos\tapxaykenh\buithituoi97__7321949668185869575.mp4,0,No subtitles found
data/raw/videos\tapxaykenh\camtu1992a_7320974056159759634.mp4,0,No subtitles found
data/raw/videos\tapxaykenh\chi2quangnom_7460365507896691976.mp4,0,No subtitles found
data/raw/videos\tapxaykenh\cotutapxaykenh_7345305701117332737.mp4,0,No subtitles found
data/raw/videos\tapxaykenh\embethangnam35_7458276567702129938.mp4,0,No subtitles found
data/raw/videos\tapxaykenh\emhanhmientay_7396730234298518800.mp4,0,No subtitles found
data/raw/videos\tapxaykenh\gia.linh.nguyn51_7466713233026452743.mp4,0,No subtitles found
data/raw/videos\tapxaykenh\haduyquang.writer_7321581703653346578.mp4,0,No subtitles found
data/raw/videos\tapxaykenh\haucoco_7382805814458862865.mp4,0,No subtitles found
data/raw/videos\tapxaykenh\hoa.nng328_7467750688542559496.mp4,0,No subtitles found
data/raw/videos\tapxaykenh\hoangthihanh_h_7341922391339044114.mp4,0,No subtitles found
data/raw/videos\tapxaykenh\hoathuy785_7359432467113069832.mp4,0,No subtitles found
data/raw/videos\tapxaykenh\honghanh0121_7352746894428278024.mp4,0,No subtitles found
data/raw/videos\tapxaykenh\huongtun994_7417271504213200136.mp4,0,No subtitles found
data/raw/videos\tapxaykenh\huyenbavi29v1_7322439530861071634.mp4,0,No subtitles found
data/raw/videos\tapxaykenh\huyentiato.ume_7296848424341687553.mp4,0,No subtitles found
data/raw/videos\tapxaykenh\iu.vui.hng.ngy_7467544965179133202.mp4,0,No subtitles found
data/raw/videos\tapxaykenh\ivyxaykenh.official_7361128198928600327.mp4,0,No subtitles found
data/raw/videos\tapxaykenh\letth1234_7459947032300539143.mp4,0,No subtitles found
data/raw/videos\tapxaykenh\ly_200x_7442703744153750801.mp4,0,No subtitles found
data/raw/videos\tapxaykenh\m.miu83_7359745813809040656.mp4,0,No subtitles found
data/raw/videos\tapxaykenh\mai.th.ven_7463691571469274375.mp4,0,No subtitles found
data/raw/videos\tapxaykenh\mebap033_7450754173643083028.mp4,0,No subtitles found
data/raw/videos\tapxaykenh\mecoca_xaykenh_7340249197351914754.mp4,0,No subtitles found
data/raw/videos\tapxaykenh\memit51_7407076520138706183.mp4,0,No subtitles found
data/raw/videos\tapxaykenh\mesocvagau_7404753343001742612.mp4,0,No subtitles found
data/raw/videos\tapxaykenh\mimi.yeucuame_7369758763600907528.mp4,0,No subtitles found
data/raw/videos\tapxaykenh\mimithuha_7452989422678691079.mp4,0,No subtitles found
data/raw/videos\tapxaykenh\minh.la.nhung_7320913023365893378.mp4,0,No subtitles found
data/raw/videos\tapxaykenh\ngoclanyb21_7407695827138874642.mp4,0,No subtitles found
data/raw/videos\tapxaykenh\nhin.mt.nick.ln.t_7411462765447007495.mp4,0,No subtitles found
data/raw/videos\tapxaykenh\ooieeii_7467809421226200328.mp4,0,No subtitles found
data/raw/videos\tapxaykenh\phanndunggg.xaykenh_7422473620145933575.mp4,0,No subtitles found
data/raw/videos\tapxaykenh\q.nhu2499_7345366562049772802.mp4,0,No subtitles found
data/raw/videos\tapxaykenh\q.nhu2499_7345745749310786818.mp4,0,No subtitles found
data/raw/videos\tapxaykenh\qunh.thanh631_7420254246894849298.mp4,0,No subtitles found
data/raw/videos\tapxaykenh\quynh22689_7424032486348328200.mp4,0,No subtitles found
data/raw/videos\tapxaykenh\shopmebun951_7425286871023897864.mp4,0,No subtitles found
data/raw/videos\tapxaykenh\tapxaykenh.2_7464240313788402952.mp4,0,No subtitles found
data/raw/videos\tapxaykenh\thanhhtamm060_7392579068660796679.mp4,0,No subtitles found
data/raw/videos\tapxaykenh\thaoin1209_7464520116726730002.mp4,0,No subtitles found
data/raw/videos\tapxaykenh\thianh_37_7339063650541391106.mp4,0,No subtitles found
data/raw/videos\tapxaykenh\thuycontentthuonghieu_7223380951735209217.mp4,0,No subtitles found
data/raw/videos\tapxaykenh\trangaffiliate_7346481396363316498.mp4,0,No subtitles found
data/raw/videos\tapxaykenh\trathinga1194_7342308054467087634.mp4,0,No subtitles found
data/raw/videos\tapxaykenh\trieuphuongthuy47_7305744493972671752.mp4,0,No subtitles found
data/raw/videos\tapxaykenh\trinhmom95_7430360103267732743.mp4,0,No subtitles found
data/raw/videos\tapxaykenh\uyenthuxaykenh888_7348295119407303954.mp4,0,No subtitles found
data/raw/videos\tradao\aluametra_7232944544654904581.mp4,0,No subtitles found
data/raw/videos\tradao\ayuhi.24_7307981511242829057.mp4,0,No subtitles found
data/raw/videos\tradao\bantradep_o87.678.5656_7385908522678045968.mp4,0,No subtitles found
data/raw/videos\tradao\bantradien.bn_7113034417030892827.mp4,0,No subtitles found
data/raw/videos\tradao\bethanh117__7050401266790419714.mp4,0,No subtitles found
data/raw/videos\tradao\bethanh117__7400340893435268373.mp4,0,No subtitles found
data/raw/videos\tradao\bon_shop_68_7443277838842744072.mp4,0,No subtitles found
data/raw/videos\tradao\chiecmeobidien_7245122124036181253.mp4,0,No subtitles found
data/raw/videos\tradao\chulamtamdaoquan_7375509290498444545.mp4,0,No subtitles found
data/raw/videos\tradao\daivietceramictiles_7077162793107049755.mp4,0,No subtitles found
data/raw/videos\tradao\dotrakechuyen_7377371902362406162.mp4,0,No subtitles found
data/raw/videos\tradao\eatwithsangie_7400726751371971858.mp4,0,No subtitles found
data/raw/videos\tradao\gai_xenh2008_7458076382816472338.mp4,0,No subtitles found
data/raw/videos\tradao\h.u.g_tea1991_7215502220224187675.mp4,0,No subtitles found
data/raw/videos\tradao\hoatam_thientra_7314505215976230151.mp4,0,No subtitles found
data/raw/videos\tradao\lamtaobao666_7141942970680479003.mp4,0,No subtitles found
data/raw/videos\tradao\laogia_9x_7322459564878679297.mp4,0,No subtitles found
data/raw/videos\tradao\laogia_9x_7464061823528996103.mp4,0,No subtitles found
data/raw/videos\tradao\linhtamphongthuy_7215898549563739418.mp4,0,No subtitles found
data/raw/videos\tradao\maiquynhank_7440347074392100114.mp4,0,No subtitles found
data/raw/videos\tradao\maiquynhank_7462348302730956039.mp4,0,No subtitles found
data/raw/videos\tradao\meomeo205_7389968504524410128.mp4,0,No subtitles found
data/raw/videos\tradao\meomeo205_7429722452579683589.mp4,0,No subtitles found
data/raw/videos\tradao\monmonkemgau_7460473090498186512.mp4,0,No subtitles found
data/raw/videos\tradao\myphamdailoan_7248112184981507333.mp4,0,No subtitles found
data/raw/videos\tradao\phacheduonglong_7244044858623610118.mp4,0,No subtitles found
data/raw/videos\tradao\shopdecorviet_7247818400620154117.mp4,0,No subtitles found
data/raw/videos\tradao\tandaotraaman23_7420416650068921607.mp4,0,No subtitles found
data/raw/videos\tradao\tandaotraaman23_7461272953641012487.mp4,0,No subtitles found
data/raw/videos\tradao\tanmantradao91_7414124460518771976.mp4,0,No subtitles found
data/raw/videos\tradao\tanmantradao91_7431902285543869714.mp4,0,No subtitles found
data/raw/videos\tradao\tea__phe_7450791007714675976.mp4,0,No subtitles found
data/raw/videos\tradao\tea__phe_7454606881353485576.mp4,0,No subtitles found
data/raw/videos\tradao\tongkhotradao_7256031517447621893.mp4,0,No subtitles found
data/raw/videos\tradao\tongkhotradao_7297430795617111304.mp4,0,No subtitles found
data/raw/videos\tradao\tongkhotradao_7323070028352441601.mp4,0,No subtitles found
data/raw/videos\tradao\tradao1991_7307487234448690434.mp4,0,No subtitles found
data/raw/videos\tradao\tradaochualanh_7424734030077168904.mp4,0,No subtitles found
data/raw/videos\tradao\tradaogiamcan.0783376716_7244353105087778054.mp4,0,No subtitles found
data/raw/videos\tradao\tradaotiemnhant_7350499005077441793.mp4,0,No subtitles found
data/raw/videos\tradao\tran_phache_7397658704939601160.mp4,0,No subtitles found
data/raw/videos\tradao\trungduxanh_7289046588066893062.mp4,0,No subtitles found
data/raw/videos\tradao\tutu8397__7327655552857771266.mp4,0,No subtitles found
data/raw/videos\tradao\uongtradi_7428196589128240392.mp4,0,No subtitles found
data/raw/videos\tradao\user9148810953204_7457913839439449377.mp4,0,No subtitles found
data/raw/videos\tradao\vandinhthiencung_7422987152507620640.mp4,0,No subtitles found
data/raw/videos\tradao\vandinhthiencung_7431538754931789089.mp4,0,No subtitles found
data/raw/videos\tradao\vin.iudao_kem_7464999693370526994.mp4,0,No subtitles found
data/raw/videos\tradao\vuquocdai85_7362755282746739976.mp4,0,No subtitles found
data/raw/videos\tradao\vutra8386_7423617038846905608.mp4,0,No subtitles found
data/raw/videos\tuhoctiengtrung\100ngayhoctiengtrung11_7454218759218138376.mp4,0,No subtitles found
data/raw/videos\tuhoctiengtrung\bowith.hsk.__7386242190000934160.mp4,0,No subtitles found
data/raw/videos\tuhoctiengtrung\bowith.hsk.__7436367682137574663.mp4,0,No subtitles found
data/raw/videos\tuhoctiengtrung\buinga_92_7411488667249921287.mp4,0,No subtitles found
data/raw/videos\tuhoctiengtrung\buinga_92_7419705013972356359.mp4,0,No subtitles found
data/raw/videos\tuhoctiengtrung\bviet198_7381641017432231169.mp4,0,No subtitles found
data/raw/videos\tuhoctiengtrung\cangcang.daily_7459260183773089032.mp4,0,No subtitles found
data/raw/videos\tuhoctiengtrung\changhocsaugiolam_7368440034841611541.mp4,0,No subtitles found
data/raw/videos\tuhoctiengtrung\chikimhoang0310_7415553629836283143.mp4,0,No subtitles found
data/raw/videos\tuhoctiengtrung\co_nha_ne_7434853128979205394.mp4,0,No subtitles found
data/raw/videos\tuhoctiengtrung\goccuachan_7288693076489506055.mp4,0,No subtitles found
data/raw/videos\tuhoctiengtrung\haanhthuy.__7306369814723972353.mp4,0,No subtitles found
data/raw/videos\tuhoctiengtrung\haanhthuy.__7366868063792172304.mp4,0,No subtitles found
data/raw/videos\tuhoctiengtrung\hc.ting.trung.mi21_7386105127813254416.mp4,0,No subtitles found
data/raw/videos\tuhoctiengtrung\helloannie2411_7354023297077497105.mp4,0,No subtitles found
data/raw/videos\tuhoctiengtrung\hoctiengtrung_tuso0_7394841815037365525.mp4,0,No subtitles found
data/raw/videos\tuhoctiengtrung\homnayhocbaichua_7350573830437473556.mp4,0,No subtitles found
data/raw/videos\tuhoctiengtrung\khoaitay.official_7218510662677335322.mp4,0,No subtitles found
data/raw/videos\tuhoctiengtrung\khoaitay.official_7247711586410925318.mp4,0,No subtitles found
data/raw/videos\tuhoctiengtrung\kiara.yuhe_7382184469563739400.mp4,0,No subtitles found
data/raw/videos\tuhoctiengtrung\kimlan.210724_7423273976794795282.mp4,0,No subtitles found
data/raw/videos\tuhoctiengtrung\louisnguyen75_7235459886077775109.mp4,0,No subtitles found
data/raw/videos\tuhoctiengtrung\lu.lo.ting.trung_7422903972521872657.mp4,0,No subtitles found
data/raw/videos\tuhoctiengtrung\marluwayi_7375196546637319440.mp4,0,No subtitles found
data/raw/videos\tuhoctiengtrung\marluwayi_7388211015294504199.mp4,0,No subtitles found
data/raw/videos\tuhoctiengtrung\meodenhoctiengtrung_7409717977391697160.mp4,0,No subtitles found
data/raw/videos\tuhoctiengtrung\meodenhoctiengtrung_7410801807154236690.mp4,0,No subtitles found
data/raw/videos\tuhoctiengtrung\nanhlee98_7389567489295797511.mp4,0,No subtitles found
data/raw/videos\tuhoctiengtrung\nihao.tuhoctiengtrung_7449557243877494034.mp4,0,No subtitles found
data/raw/videos\tuhoctiengtrung\nihao.tuhoctiengtrung_7449942197220281607.mp4,0,No subtitles found
data/raw/videos\tuhoctiengtrung\nihao.tuhoctiengtrung_7449946991548714258.mp4,0,No subtitles found
data/raw/videos\tuhoctiengtrung\nihao.tuhoctiengtrung_7450323352490708231.mp4,0,No subtitles found
data/raw/videos\tuhoctiengtrung\phuongthichdanlen_7229649088130583814.mp4,0,No subtitles found
data/raw/videos\tuhoctiengtrung\pwthebird__7195377918330080539.mp4,0,No subtitles found
data/raw/videos\tuhoctiengtrung\sinnychinese_7198132699192691995.mp4,0,No subtitles found
data/raw/videos\tuhoctiengtrung\studyhard080_7385391631299611911.mp4,0,No subtitles found
data/raw/videos\tuhoctiengtrung\studywithmeou_7386331100697595156.mp4,0,No subtitles found
data/raw/videos\tuhoctiengtrung\tailieu.hoctiengtrung_7250119469480021254.mp4,0,No subtitles found
data/raw/videos\tuhoctiengtrung\tiengtrungtieudao_7214353127171050778.mp4,0,No subtitles found
data/raw/videos\tuhoctiengtrung\tiengtrungxiaxia_7202438958528351514.mp4,0,No subtitles found
data/raw/videos\tuhoctiengtrung\tt.hn.1.mi.ngy0_7441512887404793096.mp4,0,No subtitles found
data/raw/videos\tuhoctiengtrung\tuhoctiengtrung97_7437877413784161554.mp4,0,No subtitles found
data/raw/videos\tuhoctiengtrung\tuhocvuima_7362535576051961104.mp4,0,No subtitles found
data/raw/videos\tuhoctiengtrung\tuhocvuima_7364021133131271425.mp4,0,No subtitles found
data/raw/videos\tuhoctiengtrung\tuhocvuima_7383313866438085905.mp4,0,No subtitles found
data/raw/videos\tuhoctiengtrung\tuhocvuima_7414123081372863762.mp4,0,No subtitles found
data/raw/videos\tuhoctiengtrung\xiaopangpang97_7291283106886077714.mp4,0,No subtitles found
data/raw/videos\tuhoctiengtrung\xuejie92_7227546390736473349.mp4,0,No subtitles found
data/raw/videos\tuhoctiengtrung\yenxao65_7398795913914862856.mp4,0,No subtitles found
data/raw/videos\tuhoctiengtrung\yuanyuan0281_7264478794214280455.mp4,0,No subtitles found
