author_id,video_id,video_transcription,url,preprocessed_text,extracted_foods,extracted_locations,extracted_tastes
7201903893503116294,7315652172367039745,"Mình không tin được là ly sữa chua nếp cẩm này chỉ có 20 ngàn thôi Nếp cẩm ở đây thơm lắm Khi mà ăn nhớ trộn đều sữa chua và nếp cẩm lên mà ăn nhé Đó là cách ăn của phần đông thực khách hiện nay Trời ơi vị sữa chua nó mềm mịn, vị chua cũng nhẹ nhàng lắm Món này là mình tự nấu, tự làm thủ công hết Đây nồi nếp cẩm mới vừa nấu xong Mà đặc biệt là mình mê cái nếp cẩm ở đây nè Chị chủ cho rất là nhiều nếp cẩm trong cái ly này Mà nếp thì dẻo, ăn không có bị sượng lại nha Cái chua này là mình tự ủ Thủ công luôn Ai ăn cũng khen Nói chung là rất là mê Nếp cẩm này là mình nhập nếp bắt 100% Còn sữa chua thịt lá nếp này thì 25 ngàn một ly thôi Thịt mềm mềm dai dai Ăn quyền với sữa chua nó mát lạnh trong khoang miệng lắm luôn á Thịt lá nếp này thì mình sẽ nấu từ nước dừa xiêm cùng với lá nếp. Hoàn toàn là không hề có màu phụ da hay bất cứ cái nguyên liệu hóa học nào. Ai mà thèm sữa chua nếp cẩm hoặc sữa chua thạch lá nếp thì lưu lại địa chỉ này nha. 135-14 Nguyễn Hiệu Cảnh, phường 22, quận Bình Thạnh.",https://www.tiktok.com/@7201903893503116294/video/7315652172367039745,mình không tin được là ly sữa chua nếp cẩm này chỉ có 20 ngàn thôi nếp cẩm ở đây thơm lắm khi mà ăn nhớ trộn đều sữa chua và nếp cẩm lên mà ăn nhé đó là cách ăn của phần đông thực khách hiện nay trời ơi vị sữa chua nó mềm mịn vị chua cũng nhẹ nhàng lắm món này là mình tự nấu tự làm thủ công hết đây nồi nếp cẩm mới vừa nấu xong mà đặc biệt là mình mê cái nếp cẩm ở đây nè chị chủ cho rất là nhiều nếp cẩm trong cái ly này mà nếp thì dẻo ăn không có bị sượng lại nha cái chua này là mình tự ủ thủ công luôn ai ăn cũng khen nói chung là rất là mê nếp cẩm này là mình nhập nếp bắt 100 còn sữa chua thịt lá nếp này thì 25 ngàn một ly thôi thịt mềm mềm dai dai ăn quyền với sữa chua nó mát lạnh trong khoang miệng lắm luôn á thịt lá nếp này thì mình sẽ nấu từ nước dừa xiêm cùng với lá nếp hoàn toàn là không hề có màu phụ da hay bất cứ cái nguyên liệu hóa học nào ai mà thèm sữa chua nếp cẩm hoặc sữa chua thạch lá nếp thì lưu lại địa chỉ này nha 135 14 nguyễn hiệu cảnh phường 22 quận bình thạnh,"['sữa chua nếp cẩm', 'thịt', 'sữa', 'sữa chua']",['bình thạnh'],['đây thơm lắm']
7201903893503116294,7315363256757964034,"500 anh em ở Thủ Đức ơi, lưu lại clip này liền nha. Địa chỉ ăn uống mới phát hiện ra một quán ốc tươi giá sinh viên chỉ từ 39.000 thôi nè. Nhìn quầy ốc mà mình cứ tưởng là đang ở Vũng Tàu không đó trời. Chỉ cần bước vào quán bạn sẽ bị thu hút bởi chàng hải sản tươi rối ngay trước cửa. Menu thì cực kỳ đa dạng, mà ở đây bạn cứ yên tâm ví tiền của mình không bị bào mòn đâu. Vì quán đang có chương trình Happy How đồng giá 39.000 các món. Nghèo hấp xả, sò lông, mỡ hành, ốc bưu nướng tiêu xanh, ốc cà na và ốc muộn nướng tiêu. Chưa kể đặt bàn trước giảm thêm 5% trên tổng biêu tất cả các ngày trong tuần luôn Xịn xò quá mà, đã hết đâu Biêu trên 999 ngàn được tặng một món bất kỳ có giá trị lên đến 100 ngàn đồng Mà tới quán nhớ gọi cái món best seller của quán là món đậu hủ chiên nước mắm rồi tính gì tính nha Mà ốc ở đây ngon miễn chê Hôm nay mình gọi mì xà hoại sản, ốc hương hấp xả bào ngư cháy tỏi, hào nướng phô mai ốc bưu nướng tiêu xanh, ốc khế nướng tiêu xanh, rau mực xào saté, chân gà nướng. Đầu tiên đậu hủ chi nước mắm, món này tụi mình đã phải gọi 2 đĩa. Miếng đậu hủ giòn béo áo 1 lớp nước mắm, ăn nó thầm phức hà. Ăn gì ăn phải dành bộn đĩa mì xào hải sản này trước nha. Tôm tươi, rau mực tươi kết hợp với cải thảo, cà rốt, hành ngò là đủ ngon rồi. Đến đây phải gọi ngay món này nè, ốc hương hấp xả. Con nào con nấy, căng tràn béo ú. Chỉương hấp xả Con nào con nấy can tràng béo ú Chỉ cần hấp xả thôi cũng cảm nhận được độ tươi ngon của con ốc này rồi Hào nướng phô mai Ủa hào đã to béo rồi sao lại nướng phô mai Tại nó ngon đó trời Con hào ở đây mình chấm 10 trên 10 luôn đó nha Siêu siêu tươi mềm mọn nước Ốc khế nướng tiêu xanh Bởi vì hải sản ở đây tươi Nên con ốc khế này cũng không phải là ngoại lệ Nướng lên thịt nó thơm lắm Vị cũng khá là đậm đà Ốc bưu nướng tiêu cũng vậy nè 9,5 trên 10 luôn nha Trời ơi còn rau mực sa tế Chân gà nướng, bào ngư cháy tỏi nữa nè Ngon quá phải chiến hết mới được Mình thấy hải sản ốc tươi này rất phù hợp cho nhóm sinh viên, gia đình, nhân viên văn phòng Hoặc đơn giản là 2 anh em ngồi lai ra như vậy nè Mà nhớ đi đông người để thỏa sức ăn uống, xả stress cùng hội bạn sau giờ làm việc học tập bệnh mỏi Địa chỉ quán là 45 đường số 4, phường Trường Thọ, TP. Thủ Đức, nghe cả nhà yêu ơi",https://www.tiktok.com/@7201903893503116294/video/7315363256757964034,500 anh em ở thủ đức ơi lưu lại clip này liền nha địa chỉ ăn uống mới phát hiện ra một quán ốc tươi giá sinh viên chỉ từ 39 000 thôi nè nhìn quầy ốc mà mình cứ tưởng là đang ở vũng tàu không đó trời chỉ cần bước vào quán bạn sẽ bị thu hút bởi chàng hải sản tươi rối ngay trước cửa menu thì cực kỳ đa dạng mà ở đây bạn cứ yên tâm ví tiền của mình không bị bào mòn đâu vì quán đang có chương trình happy how đồng giá 39 000 các món nghèo hấp xả sò lông mỡ hành ốc bưu nướng tiêu xanh ốc cà na và ốc muộn nướng tiêu chưa kể đặt bàn trước giảm thêm 5 trên tổng biêu tất cả các ngày trong tuần luôn xịn xò quá mà đã hết đâu biêu trên 999 ngàn được tặng một món bất kỳ có giá trị lên đến 100 ngàn đồng mà tới quán nhớ gọi cái món best seller của quán là món đậu hủ chiên nước mắm rồi tính gì tính nha mà ốc ở đây ngon miễn chê hôm nay mình gọi mì xà hoại sản ốc hương hấp xả bào ngư cháy tỏi hào nướng phô mai ốc bưu nướng tiêu xanh ốc khế nướng tiêu xanh rau mực xào saté chân gà nướng đầu tiên đậu hủ chi nước mắm món này tụi mình đã phải gọi 2 đĩa miếng đậu hủ giòn béo áo 1 lớp nước mắm ăn nó thầm phức hà ăn gì ăn phải dành bộn đĩa mì xào hải sản này trước nha tôm tươi rau mực tươi kết hợp với cải thảo cà rốt hành ngò là đủ ngon rồi đến đây phải gọi ngay món này nè ốc hương hấp xả con nào con nấy căng tràn béo ú chỉương hấp xả con nào con nấy can tràng béo ú chỉ cần hấp xả thôi cũng cảm nhận được độ tươi ngon của con ốc này rồi hào nướng phô mai ủa hào đã to béo rồi sao lại nướng phô mai tại nó ngon đó trời con hào ở đây mình chấm 10 trên 10 luôn đó nha siêu siêu tươi mềm mọn nước ốc khế nướng tiêu xanh bởi vì hải sản ở đây tươi nên con ốc khế này cũng không phải là ngoại lệ nướng lên thịt nó thơm lắm vị cũng khá là đậm đà ốc bưu nướng tiêu cũng vậy nè 9 5 trên 10 luôn nha trời ơi còn rau mực sa tế chân gà nướng bào ngư cháy tỏi nữa nè ngon quá phải chiến hết mới được mình thấy hải sản ốc tươi này rất phù hợp cho nhóm sinh viên gia đình nhân viên văn phòng hoặc đơn giản là 2 anh em ngồi lai ra như vậy nè mà nhớ đi đông người để thỏa sức ăn uống xả stress cùng hội bạn sau giờ làm việc học tập bệnh mỏi địa chỉ quán là 45 đường số 4 phường trường thọ tp thủ đức nghe cả nhà yêu ơi,"['ốc muộn nướng tiêu', 'thịt', 'gà', 'ốc bưu nướng', 'ốc tươi', 'ốc hương hấp', 'ốc hương', 'ốc', 'ốc khế', 'đậu hủ giòn béo', 'tôm tươi', 'sò lông mỡ', 'đậu hủ']",['thủ đức'],"['giòn béo áo', 'hủ giòn béo']"
7201903893503116294,7315262119526649089,"Mình không nghĩ ngay tại trung tâm lại có một không gian xanh mát, có dừa, có trái cây, có cá và cả chiếc xuồng ba lá siêu dễ thương như vậy luôn hả trời. Xin chào mọi người, lại là mình địa chỉ ăn uống đây. Hôm nay mọi người cùng mình ghé hương tràm quán nha. Đây có lẽ là chiếc quán mà mình ưng cái bụng nhất. Không gian bao quanh quán bởi vườn trái cây, cam, sòi, mít, ổi. Bên dưới là những đám lục bình trôi lửng lờ, ao cá hữu tình. Bên giữa là những tròi lá mát mẻ. Ngồi ăn mà nghe tiếng chim hót giống như đang ở miệt miền Tây á trời. Đồ ăn thì siêu ngon với các món nồng quê như là gà nướng ống tre cơm lam, cá tai tượng chiên xù, cuốn bánh tráng. Mà giữa không gian vầy, ăn gì mà chẳng ngon. Hôm nay mình gọi mẹt đồng quê bao gồm cá tai tượng chiên xù, tép đồng, thịt luộc. Đặc biệt là có khôi mì quết trong cái mẹt này luôn đó nha. Rồi cá năng thì làm 2 món, phần đầu và đuôi nấu lẩu măng chua, phần thân thì đem đi nướng muối ớt. Mình có gọi thêm gù bò nhúng mắm ruốt, ngó lục bình xào tỏi nữa nè. Toàn là món miệt đồng quê. Trong khi chờ món thì mình xách cái xuồng ba lá đi chèo. Ui má ơi, tôi không có biết bơi. Đầu tiên là ngó lục bình. Đây là cái món cây nhà lá vườn của quán nè. Mọi người nhớ đừng gọi món này nha. Coi chừng nghiện đó. Ở cái miệt đồng quê mình mê nhất là khoi mì quết này nè. Một cuộn đầy đủ khoi mì quết, thịt luộc tép đồng, cá tai tượng cuốn cùng rau sống chấm mắm chua ngọt Ta nói nó đã cái miệng lắm luôn á Rồi tới đây thì dễ gì mình bỏ qua cái món này Một con gà nướng ống tre, ăn kèm mấy ống cơm lam Cơm lam ở đây là sự kết hợp giữa gạo với nếp Nên cơm dẻo và thơm lắm Ăn cùng với gà nướng thì ta nói nhất cái nách luộc Gà nướng được ướp thấm đẫm từng sớ thịt Gà ta da mỏng lét, không có miếng mỡ nào luôn á Nướng cùng tiêu xanh, hành tành tây hành lá thơm lắm luôn mà đi nhóm 5 người nguyên bàn chưa tới 800 nữa tính ra mỗi người tầm 160.000 chứ nhiều đâu để chỉ quán là số 54 đường số 49 Tân Thông Hội huyện Củ Chi Tuy nhiên có một lưu ý là bạn đừng đi theo bà chị Google nha từ quốc lộ 22 rẽ trái vào đường Lê Minh Nhật chừng 400m là gặp Bách Hóa Xanh Huệ trái cuối đường gặp bà kênh là tới rồi nha vì là quán hay phun khách nên các bạn nhớ đặt bạn trước",https://www.tiktok.com/@7201903893503116294/video/7315262119526649089,mình không nghĩ ngay tại trung tâm lại có một không gian xanh mát có dừa có trái cây có cá và cả chiếc xuồng ba lá siêu dễ thương như vậy luôn hả trời xin chào mọi người lại là mình địa chỉ ăn uống đây hôm nay mọi người cùng mình ghé hương tràm quán nha đây có lẽ là chiếc quán mà mình ưng cái bụng nhất không gian bao quanh quán bởi vườn trái cây cam sòi mít ổi bên dưới là những đám lục bình trôi lửng lờ ao cá hữu tình bên giữa là những tròi lá mát mẻ ngồi ăn mà nghe tiếng chim hót giống như đang ở miệt miền tây á trời đồ ăn thì siêu ngon với các món nồng quê như là gà nướng ống tre cơm lam cá tai tượng chiên xù cuốn bánh tráng mà giữa không gian vầy ăn gì mà chẳng ngon hôm nay mình gọi mẹt đồng quê bao gồm cá tai tượng chiên xù tép đồng thịt luộc đặc biệt là có khôi mì quết trong cái mẹt này luôn đó nha rồi cá năng thì làm 2 món phần đầu và đuôi nấu lẩu măng chua phần thân thì đem đi nướng muối ớt mình có gọi thêm gù bò nhúng mắm ruốt ngó lục bình xào tỏi nữa nè toàn là món miệt đồng quê trong khi chờ món thì mình xách cái xuồng ba lá đi chèo ui má ơi tôi không có biết bơi đầu tiên là ngó lục bình đây là cái món cây nhà lá vườn của quán nè mọi người nhớ đừng gọi món này nha coi chừng nghiện đó ở cái miệt đồng quê mình mê nhất là khoi mì quết này nè một cuộn đầy đủ khoi mì quết thịt luộc tép đồng cá tai tượng cuốn cùng rau sống chấm mắm chua ngọt ta nói nó đã cái miệng lắm luôn á rồi tới đây thì dễ gì mình bỏ qua cái món này một con gà nướng ống tre ăn kèm mấy ống cơm lam cơm lam ở đây là sự kết hợp giữa gạo với nếp nên cơm dẻo và thơm lắm ăn cùng với gà nướng thì ta nói nhất cái nách luộc gà nướng được ướp thấm đẫm từng sớ thịt gà ta da mỏng lét không có miếng mỡ nào luôn á nướng cùng tiêu xanh hành tành tây hành lá thơm lắm luôn mà đi nhóm 5 người nguyên bàn chưa tới 800 nữa tính ra mỗi người tầm 160 000 chứ nhiều đâu để chỉ quán là số 54 đường số 49 tân thông hội huyện củ chi tuy nhiên có một lưu ý là bạn đừng đi theo bà chị google nha từ quốc lộ 22 rẽ trái vào đường lê minh nhật chừng 400m là gặp bách hóa xanh huệ trái cuối đường gặp bà kênh là tới rồi nha vì là quán hay phun khách nên các bạn nhớ đặt bạn trước,"['thịt', 'gà', 'rau', 'ốc', 'cá tai tượng', 'thịt gà', 'cá', 'lẩu măng', 'bò', 'măng']",['củ chi'],"['và thơm lắm', 'măng chua phần']"
7201903893503116294,7314997474018462978,"Ôi ơi sao dễ dữ vậy mọi người Nói vậy thôi chứ cái này là trò chơi hệ nhân phẩm nha mọi người Xin chào mọi người lại là mình địa chỉ ăn uống đây Sau khi lướt tiktok qua 180 phút Thì mình bắt gặp cái tiệm gấp thú này nè Sách mong qua thôi đợi chi Đây là Kachu nằm tại địa chỉ là 144 Nguyễn Thiên Nhỏ Phường 12 quận 5 Ở đây ngoài gấp thú bông thì còn rất nhiều sản phẩm khác nữa Như là bánh, kẹo, quà tặng, mì tôm, 3 con xói đủ thể loại luôn nha Mà đa phần các sản phẩm ở đây đến từ Đài Loan và Hàn Quốc Không những vậy toàn là món trending thôi Quá xá là hấp dẫn Ở đây mua lễ là 10.000 một xu Còn mua một lần 500.000 thì có tận 64 xu luôn nha Ê mà tính ra mua vậy lợi nha Có 7.000 một xu thôi Mà thêm 50.000 nữa là 550.000 Bạn sẽ được bốc thăm may mắn trúng quà 100% liền luôn ở đây bạn gắp được 5 món đồ sẽ nhận được 1 phiếu rút thăm trúng thưởng 5 món được 1 phiếu, 10 món được 2 phiếu, cứ thế mà tính nha càng nhiều phiếu thì càng có cơ hội trúng thưởng những phiếu này sẽ được tiệm tổng hợp lại rồi công bố giải thưởng vào ngày 23, 24 và ngày 25 tháng 12 mà yên tâm là chắc chắn bạn sẽ có giải nha ngày 23 là nửa chỉ vàng và 9 giải phụ ngày 24 là máy hút bụi thông minh và 14 giải phụ Ngày 25 là chiếc điện thoại iPhone 15 Plus và 19 giải phụ Chưa kể tiệm sẽ tặng 150 bó hò Noel Và 150 phần quà cho 150 khách đến chơi đầu tiên Và đây là thành quả 550.000 của mình nè Quá trời món không biết là lời hay lỗ đây Chưa kể còn dư cả mớ xô bữa sau qua chơi tiếp Tranh thủ đi bà con Chơi càng nhiều cơ hội trúng thưởng càng lớn nha",https://www.tiktok.com/@7201903893503116294/video/7314997474018462978,ôi ơi sao dễ dữ vậy mọi người nói vậy thôi chứ cái này là trò chơi hệ nhân phẩm nha mọi người xin chào mọi người lại là mình địa chỉ ăn uống đây sau khi lướt tiktok qua 180 phút thì mình bắt gặp cái tiệm gấp thú này nè sách mong qua thôi đợi chi đây là kachu nằm tại địa chỉ là 144 nguyễn thiên nhỏ phường 12 quận 5 ở đây ngoài gấp thú bông thì còn rất nhiều sản phẩm khác nữa như là bánh kẹo quà tặng mì tôm 3 con xói đủ thể loại luôn nha mà đa phần các sản phẩm ở đây đến từ đài loan và hàn quốc không những vậy toàn là món trending thôi quá xá là hấp dẫn ở đây mua lễ là 10 000 một xu còn mua một lần 500 000 thì có tận 64 xu luôn nha ê mà tính ra mua vậy lợi nha có 7 000 một xu thôi mà thêm 50 000 nữa là 550 000 bạn sẽ được bốc thăm may mắn trúng quà 100 liền luôn ở đây bạn gắp được 5 món đồ sẽ nhận được 1 phiếu rút thăm trúng thưởng 5 món được 1 phiếu 10 món được 2 phiếu cứ thế mà tính nha càng nhiều phiếu thì càng có cơ hội trúng thưởng những phiếu này sẽ được tiệm tổng hợp lại rồi công bố giải thưởng vào ngày 23 24 và ngày 25 tháng 12 mà yên tâm là chắc chắn bạn sẽ có giải nha ngày 23 là nửa chỉ vàng và 9 giải phụ ngày 24 là máy hút bụi thông minh và 14 giải phụ ngày 25 là chiếc điện thoại iphone 15 plus và 19 giải phụ chưa kể tiệm sẽ tặng 150 bó hò noel và 150 phần quà cho 150 khách đến chơi đầu tiên và đây là thành quả 550 000 của mình nè quá trời món không biết là lời hay lỗ đây chưa kể còn dư cả mớ xô bữa sau qua chơi tiếp tranh thủ đi bà con chơi càng nhiều cơ hội trúng thưởng càng lớn nha,"['ốc', 'cá', 'gà', 'tôm']",[],[]
7201903893503116294,7314897643786816770,"Các bạn thấy gì chưa? Tín hiệu vũ trụ đưa các bạn nhìn thấy clip này đây nha. Điểm tâm sáng xịn sò đồng giá 42.000 tại nhà hàng người Hoa siêu sang giữa lòng quận 11. Nào là hủ tiếu mì bò, hủ tiếu mì sườn, há cảo tôm đại dương, chấm gà tô si, bánh cuốn chiên XO, bánh cuốn tôm và còn nhiều nhiều món nữa. Đặc biệt là những món trên được chế biến từ đầu bếp người Trung Quốc, không biết tiếng Việt. Nghe tới đây đã thấy xịn rồi nha. Đã lâu lắm rồi mình không ăn món người Hoa, Mà món Hoa phải nói đến dim sum, há cảo và mì hải sản mới là chẳng ái. Xin chào mọi người. Lại là mình địa chỉ ăn uống đây. Hôm nay kênh mình đạt 200.000 người theo dõi. Tự hứa thưởng cho bản thân một bữa ăn no say. Nhà hàng hôm nay mình đến thưởng thức là nhà hàng Đại Dương. Nằm tại địa chỉ là 260 Minh Phụng, phường 2, quận 11. Trời đất ơi! 10 món điểm tâm sáng như vầy mà chưa tới 500.000 nữa. Chấn động thiệt sự. Hát cảo tôm Đại Dương, chân gà tàu xì, xíu mại tôm thịt cua, hủ tiếu mì hải sản, hủ tiếu mì sườn, hủ tiếu mì bò, bánh cuốn chiên XO, bánh cuốn tôm, đậu hủ kì chiên tôm, bánh dứa Hồng Kông, bánh bao chim sa trứng muối. Ủa vậy là chấm điểm dữ chưa? Nói chứ ở đây ngon nên mình hơi dở dãi nha. Theo cảm nhận cá nhân thì mình thấy thịt và hải sản ở đây rất tươi, các loại mì cũng nêm nếm hợp khẩu vị của mình lắm. Mà đặc biệt là các loại bánh ở đây siêu mê luôn nha Bật mí là trong menu ở quán này Về đêm còn những món siêu ngon mà bạn chưa khám phá hết đâu Tới liền đi các bạn Chương trình đồng giá này chỉ áp dụng đến hết ngày 31 tháng 12 thôi nha",https://www.tiktok.com/@7201903893503116294/video/7314897643786816770,các bạn thấy gì chưa tín hiệu vũ trụ đưa các bạn nhìn thấy clip này đây nha điểm tâm sáng xịn sò đồng giá 42 000 tại nhà hàng người hoa siêu sang giữa lòng quận 11 nào là hủ tiếu mì bò hủ tiếu mì sườn há cảo tôm đại dương chấm gà tô si bánh cuốn chiên xo bánh cuốn tôm và còn nhiều nhiều món nữa đặc biệt là những món trên được chế biến từ đầu bếp người trung quốc không biết tiếng việt nghe tới đây đã thấy xịn rồi nha đã lâu lắm rồi mình không ăn món người hoa mà món hoa phải nói đến dim sum há cảo và mì hải sản mới là chẳng ái xin chào mọi người lại là mình địa chỉ ăn uống đây hôm nay kênh mình đạt 200 000 người theo dõi tự hứa thưởng cho bản thân một bữa ăn no say nhà hàng hôm nay mình đến thưởng thức là nhà hàng đại dương nằm tại địa chỉ là 260 minh phụng phường 2 quận 11 trời đất ơi 10 món điểm tâm sáng như vầy mà chưa tới 500 000 nữa chấn động thiệt sự hát cảo tôm đại dương chân gà tàu xì xíu mại tôm thịt cua hủ tiếu mì hải sản hủ tiếu mì sườn hủ tiếu mì bò bánh cuốn chiên xo bánh cuốn tôm đậu hủ kì chiên tôm bánh dứa hồng kông bánh bao chim sa trứng muối ủa vậy là chấm điểm dữ chưa nói chứ ở đây ngon nên mình hơi dở dãi nha theo cảm nhận cá nhân thì mình thấy thịt và hải sản ở đây rất tươi các loại mì cũng nêm nếm hợp khẩu vị của mình lắm mà đặc biệt là các loại bánh ở đây siêu mê luôn nha bật mí là trong menu ở quán này về đêm còn những món siêu ngon mà bạn chưa khám phá hết đâu tới liền đi các bạn chương trình đồng giá này chỉ áp dụng đến hết ngày 31 tháng 12 thôi nha,"['tôm đại dương chân gà', 'tôm thịt', 'gà', 'thịt', 'đậu hủ kì', 'hủ tiếu mì bò', 'hủ tiếu mì hải sản', 'tôm', 'ốc', 'hủ tiếu mì sườn', 'tôm đại dương', 'sò đồng giá', 'cá', 'gà tàu', 'hủ tiếu mì sườn há', 'đậu hủ', 'bò']",[],"['đây ngon nên', 'rất tươi các']"
7201903893503116294,7314632405552205058,"Detroit Pizza đã chính thức có mặt tại Sài Gòn rồi nha cả nhà ơi. Xin chào mọi người, lại là mình địa chỉ ăn uống đây. Đấy giờ mình ăn pizza kiểu Ý, chứ kiểu Mỹ đây là lần đầu bạn ăn. Để nói về pizza Mỹ, thì đây là loại pizza mang vẻ ngoài, hiện đại, đa dạng kích thước, đế bánh dày, dai và đặc hơn. Nhân bánh có nhiều phô mai, sốt cà chua và các loại topping khác. Khi ăn bánh pizza kiểu Mỹ, bạn sẽ cảm nhận được phần nhân ngập tràn trong miệng và ăn cũng nhanh nơ hơn. Đặc biệt là pizza kiểu Mỹ được nướng bằng lò điện ở nhiệt độ 240 độ C trong thời gian là 5,5 phút và đảm bảo bánh thành phẩm ở nhiệt độ 70-90 độ C. Sau khi nướng, pizza có phần đe bánh nóng giòn, mềm xốp và dai dai ngon miệng. Với cá nhân mình thấy nếu bạn thích pizza mà muốn ăn được nhiều loại thì Detroit là một sự lựa chọn. Vì ở Detroit một chiếc bánh pizza chỉ từ 88 ngàn thôi mà đang trong đợt khai trương nên chỉ còn 78 ngàn à. Nè nè, Real pepperoni pizza bulgogi pizza anh mai pizza Hawaiian pizza Double C pizza mà mình thấy tới đây bạn nên gọi bulgogi pizza nha Đây là miếng pizza với món thịt bò xào truyền thống Hàn Quốc được làm từ thịt bò tươi thượng hạn ướp với đất tương khi ăn lớp phô mai sợi kết dính tất cả lại cho ra một vị bánh pizza ngon khó tả bacon potato pizza cũng là một sự lựa chọn cho fan mê khoai tây và thịt sông khói. Những ai ăn chay thì đây, pizza phô mai ngô. Một chiếc bánh pizza ngô ngọt ngào và thú vị khi nhai với rất nhiều ngô trong lớp sốt kem sữa khá là đã miệng. Trước kể ở đây còn có các loại mì ý, xúc xích, thịt nguội sông khói nữa. U là trời, mình mê luôn rồi. Vậy đó, ai ở Gò Vấp thì lưu lại clip này nha. Để chỉ tiệm là 419 Phan Quang Trị, phường 1, quận Gò Vấp ngang.",https://www.tiktok.com/@7201903893503116294/video/7314632405552205058,detroit pizza đã chính thức có mặt tại sài gòn rồi nha cả nhà ơi xin chào mọi người lại là mình địa chỉ ăn uống đây đấy giờ mình ăn pizza kiểu ý chứ kiểu mỹ đây là lần đầu bạn ăn để nói về pizza mỹ thì đây là loại pizza mang vẻ ngoài hiện đại đa dạng kích thước đế bánh dày dai và đặc hơn nhân bánh có nhiều phô mai sốt cà chua và các loại topping khác khi ăn bánh pizza kiểu mỹ bạn sẽ cảm nhận được phần nhân ngập tràn trong miệng và ăn cũng nhanh nơ hơn đặc biệt là pizza kiểu mỹ được nướng bằng lò điện ở nhiệt độ 240 độ c trong thời gian là 5 5 phút và đảm bảo bánh thành phẩm ở nhiệt độ 70 90 độ c sau khi nướng pizza có phần đe bánh nóng giòn mềm xốp và dai dai ngon miệng với cá nhân mình thấy nếu bạn thích pizza mà muốn ăn được nhiều loại thì detroit là một sự lựa chọn vì ở detroit một chiếc bánh pizza chỉ từ 88 ngàn thôi mà đang trong đợt khai trương nên chỉ còn 78 ngàn à nè nè real pepperoni pizza bulgogi pizza anh mai pizza hawaiian pizza double c pizza mà mình thấy tới đây bạn nên gọi bulgogi pizza nha đây là miếng pizza với món thịt bò xào truyền thống hàn quốc được làm từ thịt bò tươi thượng hạn ướp với đất tương khi ăn lớp phô mai sợi kết dính tất cả lại cho ra một vị bánh pizza ngon khó tả bacon potato pizza cũng là một sự lựa chọn cho fan mê khoai tây và thịt sông khói những ai ăn chay thì đây pizza phô mai ngô một chiếc bánh pizza ngô ngọt ngào và thú vị khi nhai với rất nhiều ngô trong lớp sốt kem sữa khá là đã miệng trước kể ở đây còn có các loại mì ý xúc xích thịt nguội sông khói nữa u là trời mình mê luôn rồi vậy đó ai ở gò vấp thì lưu lại clip này nha để chỉ tiệm là 419 phan quang trị phường 1 quận gò vấp ngang,"['thịt bò', 'gà', 'thịt', 'thịt nguội sông khói', 'ốc', 'kem sữa', 'thịt sông khói', 'thịt bò tươi', 'cá', 'bò tươi', 'sữa', 'bò']",[],['giòn mềm xốp']
7201903893503116294,7314254912425053442,"Trong bữa được thằng em dẫn qua bờ kè uống xương tố lúa mạch Mà cái điều mình khá bất ngờ ở đây là mô hình buffet gọi món này nè Ăn sạch menu mà chỉ từ 299 ngàn một người Rất rất là nhiều món nha Không giới hạn thời gian uống xương tố lúa mạch Nước ngọt, nước suối thả ra luôn Xin chào mọi người, lại là mình địa chỉ ăn uống đây Quán này là Bò Lạo Đại nằm tại địa chỉ 188 Trường Sa, phường 3, quận Bình Thạnh Ở trước quán có một cái view bờ kè rất là mát mẻ luôn nha Nếu khách không muốn ăn buffet thì vẫn có thể gọi món bình thường nha Và theo mấy bạn nghĩ đi ăn chia biêu và đi ăn kiểu này kiểu nào lợi hơn? Và với mấy cái đứa mà phá mồi như mình thì vô ăn ngập cái mặt uống no say đi. Buffet mà. Trời ơi nhìn nè mọi người. Hào cocktail, kho quẹt, bò vàng bít steak, tủy bò, bò hào phô mai, ba chỉ cuộn nấm, gỏi bò bóp thấu. Toàn là món khói khẩu của dân nhậu. Đồ ăn ở đây thì mình thấy chế biến hợp khẩu vị của mình rất là đậm đà. Mấy cái món về hải sản thì rất là tươi luôn nha. Mình thấy mô hình này khá phù hợp với sinh viên, viên văn phòng gia đình người yêu nhóm bạn bè đi vậy kêu được nhiều món tha hồ mà phá mồi đã vậy khách đặt tiệc sinh nhật trên 30 người được phi trang trí sinh nhật quá",https://www.tiktok.com/@7201903893503116294/video/7314254912425053442,trong bữa được thằng em dẫn qua bờ kè uống xương tố lúa mạch mà cái điều mình khá bất ngờ ở đây là mô hình buffet gọi món này nè ăn sạch menu mà chỉ từ 299 ngàn một người rất rất là nhiều món nha không giới hạn thời gian uống xương tố lúa mạch nước ngọt nước suối thả ra luôn xin chào mọi người lại là mình địa chỉ ăn uống đây quán này là bò lạo đại nằm tại địa chỉ 188 trường sa phường 3 quận bình thạnh ở trước quán có một cái view bờ kè rất là mát mẻ luôn nha nếu khách không muốn ăn buffet thì vẫn có thể gọi món bình thường nha và theo mấy bạn nghĩ đi ăn chia biêu và đi ăn kiểu này kiểu nào lợi hơn và với mấy cái đứa mà phá mồi như mình thì vô ăn ngập cái mặt uống no say đi buffet mà trời ơi nhìn nè mọi người hào cocktail kho quẹt bò vàng bít steak tủy bò bò hào phô mai ba chỉ cuộn nấm gỏi bò bóp thấu toàn là món khói khẩu của dân nhậu đồ ăn ở đây thì mình thấy chế biến hợp khẩu vị của mình rất là đậm đà mấy cái món về hải sản thì rất là tươi luôn nha mình thấy mô hình này khá phù hợp với sinh viên viên văn phòng gia đình người yêu nhóm bạn bè đi vậy kêu được nhiều món tha hồ mà phá mồi đã vậy khách đặt tiệc sinh nhật trên 30 người được phi trang trí sinh nhật quá,"['gà', 'bò vàng', 'gỏi bò bóp', 'nấm', 'bò bò', 'bò bóp', 'cá', 'bò']",['bình thạnh'],['là tươi luôn']
7201903893503116294,7314148870244617474,"Tôm sủ trái thơm, đây là món best seller của ốc trứng muối mà mình ăn chi nhánh nào cũng phải gọi Mà ốc trứng muối chỉ có 4 chi nhánh thôi nghe cả nhà Nằm tại Phú Nhuận, Gò Vấp, Tân Bình và chi nhánh mới nhất là ở quận 10 thôi Hôm nay mình đến chi nhánh Phú Nhuận nằm tại 11 Kho Sữa, phường 7, quận Phú Nhuận Xin chào mọi người, lại là mình địa chỉ ăn uống đây Vẫn là mê các suất trứng muối của quán nên 1 tháng mình phải ghé ăn ít nhất 1 lần ở đây Với ốc trứng muối bạn có thể quan sát không gian bếp mở với nhiều con đoạn chế biến khác nhau Điều đặc biệt là ở đây ốc tươi 100% và chị chủ cam kết bao đổi trả. Ở đây có nhiều món siêu ngon mà phải nói là giá siêu siêu bình dân luôn. Chỉ từ 29.000 một phần là bạn có thể like ra với bạn bè rồi. Hôm nay mình gọi tôm sú trái thơm, nhâm biển, sò điệp nhập nướng, ốc bù lốt pháp, hộp vịt lộn xào me, hậu đá nướng tiêu và nướng phô mai trứng muối, ốc hương xốt trứng muối, trứng gà non xào mì cháy tỏi. Đầu tiên, tôm sú đúc lọc phô mai trái thơm tới bất kỳ chi nhánh nào tại ốc trứng muối trứng gà non xào mì cháy tỏi đầu tiên tổng số lúc là phô mai trái thơm tới bất kỳ chi nhánh nào tại ốc trứng muối bạn cũng nên gọi nha tôm chắc thịt ngọt nước kết hợp với phô mai béo béo rồi ôi bạn phải ăn nóng và mới ngon nha vì lúc này phô mai còn nóng nên mới kéo được dài như vậy đó nghe hấp tháp và trứng gà non xào mì mình rất hay gọi vì là hai món rẻ nhất quán làm nhanh dùng để dàn bột trước khi ăn những món khác nghe thì mãi đỉnh rồi còn phần mì này nè độ béo bùi của trứng non kết hợp với mì ta nói ngon nhứt nhối Đến ốc trứng muối mà chưa gọi những món liên quan đến trứng muối xem như chưa đến quán nha Như ốc hương này nè, lấy bánh mì chấm hết phần sốt này đi, rồi hãy ăn ốc nha Rồi còn nhôm biển này nè, mấy bà mà rủ người yêu qua đây ăn thì bắt mấy ổng ăn nhiều vô Tin mình đi, mấy ổng sẽ không làm mấy bà thất vọng đâu Với xa điệp nhập nướng, ốc boulot pháp, hột vịt lậu xào me, hầu đá nước phô mai và trứng muối Món nào cũng lấy siêu ngon, mà hải sản tươi rối bảo sao mình không mê. Mà giống các chi nhánh khác ở ốc trứng muối, ở đây vẫn free kem cho khách đến ăn. Nếu có dịp đi ngang qua quận Phú Nhuận thì các bạn ghé qua ăn thử nha.",https://www.tiktok.com/@7201903893503116294/video/7314148870244617474,tôm sủ trái thơm đây là món best seller của ốc trứng muối mà mình ăn chi nhánh nào cũng phải gọi mà ốc trứng muối chỉ có 4 chi nhánh thôi nghe cả nhà nằm tại phú nhuận gò vấp tân bình và chi nhánh mới nhất là ở quận 10 thôi hôm nay mình đến chi nhánh phú nhuận nằm tại 11 kho sữa phường 7 quận phú nhuận xin chào mọi người lại là mình địa chỉ ăn uống đây vẫn là mê các suất trứng muối của quán nên 1 tháng mình phải ghé ăn ít nhất 1 lần ở đây với ốc trứng muối bạn có thể quan sát không gian bếp mở với nhiều con đoạn chế biến khác nhau điều đặc biệt là ở đây ốc tươi 100 và chị chủ cam kết bao đổi trả ở đây có nhiều món siêu ngon mà phải nói là giá siêu siêu bình dân luôn chỉ từ 29 000 một phần là bạn có thể like ra với bạn bè rồi hôm nay mình gọi tôm sú trái thơm nhâm biển sò điệp nhập nướng ốc bù lốt pháp hộp vịt lộn xào me hậu đá nướng tiêu và nướng phô mai trứng muối ốc hương xốt trứng muối trứng gà non xào mì cháy tỏi đầu tiên tôm sú đúc lọc phô mai trái thơm tới bất kỳ chi nhánh nào tại ốc trứng muối trứng gà non xào mì cháy tỏi đầu tiên tổng số lúc là phô mai trái thơm tới bất kỳ chi nhánh nào tại ốc trứng muối bạn cũng nên gọi nha tôm chắc thịt ngọt nước kết hợp với phô mai béo béo rồi ôi bạn phải ăn nóng và mới ngon nha vì lúc này phô mai còn nóng nên mới kéo được dài như vậy đó nghe hấp tháp và trứng gà non xào mì mình rất hay gọi vì là hai món rẻ nhất quán làm nhanh dùng để dàn bột trước khi ăn những món khác nghe thì mãi đỉnh rồi còn phần mì này nè độ béo bùi của trứng non kết hợp với mì ta nói ngon nhứt nhối đến ốc trứng muối mà chưa gọi những món liên quan đến trứng muối xem như chưa đến quán nha như ốc hương này nè lấy bánh mì chấm hết phần sốt này đi rồi hãy ăn ốc nha rồi còn nhôm biển này nè mấy bà mà rủ người yêu qua đây ăn thì bắt mấy ổng ăn nhiều vô tin mình đi mấy ổng sẽ không làm mấy bà thất vọng đâu với xa điệp nhập nướng ốc boulot pháp hột vịt lậu xào me hầu đá nước phô mai và trứng muối món nào cũng lấy siêu ngon mà hải sản tươi rối bảo sao mình không mê mà giống các chi nhánh khác ở ốc trứng muối ở đây vẫn free kem cho khách đến ăn nếu có dịp đi ngang qua quận phú nhuận thì các bạn ghé qua ăn thử nha,"['gà', 'thịt', 'sữa phường', 'thịt ngọt nước', 'vịt lậu', 'ốc tươi', 'ốc hương', 'tôm', 'ốc trứng muối', 'ốc trứng muối bạn', 'ốc hương xốt trứng muối', 'ốc', 'bánh mì', 'kem', 'cá', 'sữa', 'ốc trứng muối trứng']","['phú nhuận gò', 'tân bình', 'phú nhuận']","['thịt ngọt nước', 'trái thơm đây', 'ốc tươi 100']"
7201903893503116294,7313514380073684226,"Bên mình là thịt tươi mỗi ngày, bên mình nó không với thịt đông lạnh. Nên khi mỗi lần khách gọi thì mới xắt, chứ bò không xắt sẵn. Bò mắm ruốt này thì khi ăn mình bỏ rau trước, còn thịt bò thì khách ăn bao nhiêu thì nhúng bấy nhiêu. Rau bỏ vô luôn. Dạ đúng rồi. Rồi. Trời ơi, hấp dẫn quá đi. Một cơm miếng bò thai, nhúng mắm ruốt. Nói hỏi, thấy hấp dẫn quá. Bò tái, nhúng mắm ruốt, nóng nổi, thấy hấp dẫn quá à. Quán lẩu bò nhúng mắm ruốt của ông Tám Còn ở Bình Dương nay đã có mặt tại Sài Gòn rồi nha cả nhà ơi. Xin chào mọi người, lại là mình, địa chỉ ăn uống đây. Lăng thang Phú Nhận tự nhiên nhìn thấy cái bản hiệu lẩu bò nhúng mắm ruốt, tưởng đang ở Bình Dương không à. Đặc sản của quán Tám Còn này xôi quanh các món bò như là lẩu tái, nhúng, giấm, hấp. Đặc biệt là cái phần nậm heo nướng này nè nó ngon xuất sắc luôn đó nha ngoài nằm heo nướng hôm nay mình gọi mấy món lay rai như là dồi trường xào củ hành thỏ xào lăng gỏi đầu mực xốt thái và đặc biệt là cái lẩu bò nhúng mắm ruốt này nè chưa bàn đến khẩu vị món ăn thì mình thấy ở đây không gian máy lạnh khá mát mẻ mà đặc biệt là không bị ám mùi nha đầu tiên phần đầu mực xốt thái mình thấy ở quán nêm nếm vừa miệng đầu mực nang baby kết hợp với thân súng dưa leo cà chua bi thêm rau thơm và một ít chanh chua chua tất cả hòa quyện lại ngon khó cững nha. Ôi nhìn cái đĩa dò trường này giờ mình vẫn còn thèm. Cái miếng dò trường nó giòn dai sần sần, kết hợp với cái vị thơm của hành lá. Bên cạnh đó là, theo mình biết là cái món này chắc là xào từ mỡ heo nè. Cho nên là cái lớp dò trường này nè nó chỉnh dầu mỡ và bên cạnh đó là có những cái miếng hành tây. Em kết hợp lại. Wow, nó hò quyện lại rất là ngon luôn nha. Rồi thỏ xào lăng nữa nè. Rồi đây là cái điểm nhấn của clip này đây. Một chiếc lẩu bò nhúng mắm ruốt, một phần thịt bò tươi thái mỏng, nước dùng mắm rút đậm đà với phần ba rội và top mỡ ở bên trong. U là trời, mê nha. Một miếng bò nè. Chấm qua một miếng mắm rút nha. miếng bò mềm thấm lậm với mắm ruốt trời ơi tao nói nó đã gì đâu á bên cạnh đó này còn có tốt mỡ nè và rọi nữa nè ghé lẩu bò nhung mắm ruốt Tám Còn ngay thôi mọi người ơi địa chỉ mình để ở trên clip nha",https://www.tiktok.com/@7201903893503116294/video/7313514380073684226,bên mình là thịt tươi mỗi ngày bên mình nó không với thịt đông lạnh nên khi mỗi lần khách gọi thì mới xắt chứ bò không xắt sẵn bò mắm ruốt này thì khi ăn mình bỏ rau trước còn thịt bò thì khách ăn bao nhiêu thì nhúng bấy nhiêu rau bỏ vô luôn dạ đúng rồi rồi trời ơi hấp dẫn quá đi một cơm miếng bò thai nhúng mắm ruốt nói hỏi thấy hấp dẫn quá bò tái nhúng mắm ruốt nóng nổi thấy hấp dẫn quá à quán lẩu bò nhúng mắm ruốt của ông tám còn ở bình dương nay đã có mặt tại sài gòn rồi nha cả nhà ơi xin chào mọi người lại là mình địa chỉ ăn uống đây lăng thang phú nhận tự nhiên nhìn thấy cái bản hiệu lẩu bò nhúng mắm ruốt tưởng đang ở bình dương không à đặc sản của quán tám còn này xôi quanh các món bò như là lẩu tái nhúng giấm hấp đặc biệt là cái phần nậm heo nướng này nè nó ngon xuất sắc luôn đó nha ngoài nằm heo nướng hôm nay mình gọi mấy món lay rai như là dồi trường xào củ hành thỏ xào lăng gỏi đầu mực xốt thái và đặc biệt là cái lẩu bò nhúng mắm ruốt này nè chưa bàn đến khẩu vị món ăn thì mình thấy ở đây không gian máy lạnh khá mát mẻ mà đặc biệt là không bị ám mùi nha đầu tiên phần đầu mực xốt thái mình thấy ở quán nêm nếm vừa miệng đầu mực nang baby kết hợp với thân súng dưa leo cà chua bi thêm rau thơm và một ít chanh chua chua tất cả hòa quyện lại ngon khó cững nha ôi nhìn cái đĩa dò trường này giờ mình vẫn còn thèm cái miếng dò trường nó giòn dai sần sần kết hợp với cái vị thơm của hành lá bên cạnh đó là theo mình biết là cái món này chắc là xào từ mỡ heo nè cho nên là cái lớp dò trường này nè nó chỉnh dầu mỡ và bên cạnh đó là có những cái miếng hành tây em kết hợp lại wow nó hò quyện lại rất là ngon luôn nha rồi thỏ xào lăng nữa nè rồi đây là cái điểm nhấn của clip này đây một chiếc lẩu bò nhúng mắm ruốt một phần thịt bò tươi thái mỏng nước dùng mắm rút đậm đà với phần ba rội và top mỡ ở bên trong u là trời mê nha một miếng bò nè chấm qua một miếng mắm rút nha miếng bò mềm thấm lậm với mắm ruốt trời ơi tao nói nó đã gì đâu á bên cạnh đó này còn có tốt mỡ nè và rọi nữa nè ghé lẩu bò nhung mắm ruốt tám còn ngay thôi mọi người ơi địa chỉ mình để ở trên clip nha,"['gà', 'bò tươi thái', 'xôi quanh', 'heo', 'cá', 'bò mềm', 'thịt bò', 'thịt', 'rau trước', 'bò mắm ruốt', 'rau', 'thịt tươi', 'lẩu bò', 'cơm miếng bò thai', 'thịt đông lạnh', 'thịt bò tươi thái', 'bò tươi', 'bò thai', 'thịt bò tươi', 'bò', 'lẩu tái nhúng']",[],['thịt tươi mỗi']
7201903893503116294,7313460131864300802,"Ở đây cua ngọt tôm thúi là có thật nha mọi người Trên mạng người ta chê quá trời Vậy mà có ông chú ông ăn ở đây mỗi ngày Rồi gia đình nọ từ Long An lên chỉ để ăn cái mẹt 75 ngàn Tôm hôm thì mình thấy muốn ngon bỏ tầm hơn 1 triệu ăn sẽ ổn Còn cái mẹt 75 ngàn mình nghĩ sẽ dành cho những người không có điều kiện đến ăn Dĩ nhiên với mức giá này chắc chắn sẽ có cua thúi tôm thúi Mà cua ngọt tôm thúi thì quán đổi nha chứ đòi hỏi gì nhiều ở cái mẹt 75 ngàn này hên là chị đổi qua cái mẹt mới này chứ không là em cũng không biết là ăn chữ gì luôn á thiệt luôn tôm mình ăn ổn không em á tôm này ăn ổn anh tại lúc đó em có giới thiệu gia đình em qua ăn rồi anh à vừa ngon mà vừa ghẻ nữa giờ dĩa cơm tắm hết 60 ngàn rồi qua đây ăn mẹt cơm hùm vậy có 75 ngàn rồi quả ghẻ anh quá rẻ luôn em ăn ở đây mấy lần rồi dạ em ăn cũng được 2-3 lần rồi với đám bạn em với gia đình em thường nhưng mà ví dụ như em đi một người thì chủ quán có cho em cái mẹt này không hay là dạ vẫn bán thôi anh chủ quán vẫn bán cho em cái mẹt ạ vẫn bán bình thường đúng không dạ vẫn bán bình thường ạ em bán b chủ quán vẫn bán cho em cái mẹt Vẫn bán bình thường hả? Dạ vẫn bán bình thường Em bán lần thứ mấy rồi anh? Lần thứ 3 anh trai, em qua đây em ăn 3 lần Em ăn đây 3 lần rồi? Dạ lúc này bò bò quá ngon Hôm nay thì mình không ăn cái mẹt 75 ngàn, mình qua ăn bò nướng tảng Nói về bò nướng tảng thì bò ba lão ok nha Mê nhất mấy cái nước sốt bên quán lắm luôn á Ngoài bò bên quán còn có bán nghêu sò, ốc khuến đầy đủ hết nha Rồi mình gọi thêm mì xào hải sản, ốc boulot nướng. Không phải món nào cũng ngon xuất sắc. Nhưng về cơ bản thì mình thấy ổn so với tầm giá mình bỏ ra. Mọi người xem qua cái menu nè. Coi thử cái giá có cao hơn chỗ khác không. Trước khi quyết định tới trải nghiệm nha.",https://www.tiktok.com/@7201903893503116294/video/7313460131864300802,ở đây cua ngọt tôm thúi là có thật nha mọi người trên mạng người ta chê quá trời vậy mà có ông chú ông ăn ở đây mỗi ngày rồi gia đình nọ từ long an lên chỉ để ăn cái mẹt 75 ngàn tôm hôm thì mình thấy muốn ngon bỏ tầm hơn 1 triệu ăn sẽ ổn còn cái mẹt 75 ngàn mình nghĩ sẽ dành cho những người không có điều kiện đến ăn dĩ nhiên với mức giá này chắc chắn sẽ có cua thúi tôm thúi mà cua ngọt tôm thúi thì quán đổi nha chứ đòi hỏi gì nhiều ở cái mẹt 75 ngàn này hên là chị đổi qua cái mẹt mới này chứ không là em cũng không biết là ăn chữ gì luôn á thiệt luôn tôm mình ăn ổn không em á tôm này ăn ổn anh tại lúc đó em có giới thiệu gia đình em qua ăn rồi anh à vừa ngon mà vừa ghẻ nữa giờ dĩa cơm tắm hết 60 ngàn rồi qua đây ăn mẹt cơm hùm vậy có 75 ngàn rồi quả ghẻ anh quá rẻ luôn em ăn ở đây mấy lần rồi dạ em ăn cũng được 2 3 lần rồi với đám bạn em với gia đình em thường nhưng mà ví dụ như em đi một người thì chủ quán có cho em cái mẹt này không hay là dạ vẫn bán thôi anh chủ quán vẫn bán cho em cái mẹt ạ vẫn bán bình thường đúng không dạ vẫn bán bình thường ạ em bán b chủ quán vẫn bán cho em cái mẹt vẫn bán bình thường hả dạ vẫn bán bình thường em bán lần thứ mấy rồi anh lần thứ 3 anh trai em qua đây em ăn 3 lần em ăn đây 3 lần rồi dạ lúc này bò bò quá ngon hôm nay thì mình không ăn cái mẹt 75 ngàn mình qua ăn bò nướng tảng nói về bò nướng tảng thì bò ba lão ok nha mê nhất mấy cái nước sốt bên quán lắm luôn á ngoài bò bên quán còn có bán nghêu sò ốc khuến đầy đủ hết nha rồi mình gọi thêm mì xào hải sản ốc boulot nướng không phải món nào cũng ngon xuất sắc nhưng về cơ bản thì mình thấy ổn so với tầm giá mình bỏ ra mọi người xem qua cái menu nè coi thử cái giá có cao hơn chỗ khác không trước khi quyết định tới trải nghiệm nha,"['gà', 'cơm', 'tôm', 'tôm hôm', 'bò nướng tảng', 'ốc', 'bò bên quán', 'sò ốc', 'bò bò', 'ốc boulot', 'cá', 'bò', 'cơm hùm']",['khuến'],['muốn ngon bỏ']
7201903893503116294,7313049400782212354,"Gà rán mật ong 22 ngàn, gà rán bơ tỏi 22 ngàn, bánh gạo tớp bốc kì sốt chua ngọt 20 ngàn, cánh gà truyền thống 28 ngàn. Đây chắc có lẽ là cái tiệm gà rán rẻ nhất Sài Gòn rồi. Khi mà clip này lên sóng chắc các bạn trẻ ở Gò Bắp ồ lên. Đây là cái tiệm ruột mà mình hay đặt qua app đây nè. Đúng rồi, đúng rồi đó. Đây là Good Chicken, tiệm gà rán rẻ nhất như Sài Gòn. Đây đây, bà chị này nè, ăn gà rán ở đây riết nghiện luôn á. Chị ở gần đây cho nên là hay đi bộ qua đây ăn lắm. Thì đồ ăn ở đây thì rất là ngon, giá kẻ thì cũng hợp lý so với sinh viên Đặc biệt là ở đây là có nhiều loại sốt để mình lựa chọn Mà bà chị này nói đúng nha Ui cha mẹ ơi, nào là gà lắc phô mai, sốt cay Hàn Quốc Sốt tương, sốt bơ tỏi, sốt mật ong sốt siêu cay, loại sốt nào mình cũng ghiền hết nha Nhìn menu nè mọi người siêu siêu rẻ luôn Một cái phần gà như vầ hết nha, nhìn menu này mọi người siêu siêu rẻ luôn một cái phần gà như vầy nè, chỉ có 22 ngàn thôi, các bạn học sinh hay là sinh viên gà bắp đều có thể ăn được luôn ở đây có rất là nhiều vị, như cái này là cái vị truyền thống nè, mình ăn thử nha wow, cái miếng gà nó mềm lắm nha, lắp cải thấm cái vị marjoram, tương ớt, cái lớp gà bên ngoài thì nó giòn giòn bên trong thì mềm mọng nước, ngon lắm luôn á, cánh gà gì đâu mà to còn hơn cái đùi gà nữa, đây là cái vị gà truyền thống nha đây là cái vị gà truyền thống nha và đây gà lắc phô mai 3 miếng 22 ngàn thôi cái lớp phô mai phủ lên dày đặc luôn á còn này là 20 ngàn 1,2,3,4,5,6,7,8,9,10 1,12 miếng bánh gạo luôn 1 cái đùa gà sốt cay 28 ngàn đây cái sự hấp dẫn nằm ở đây nha chả cá Hàn Quốc cay 3 miếng như vầy chỉ có 25 ngàn thôi mê thật sự mấy mọi người thôi sách mông qua ăn đi chờ chi nữa mọi người ơi rẻ quá mà",https://www.tiktok.com/@7201903893503116294/video/7313049400782212354,gà rán mật ong 22 ngàn gà rán bơ tỏi 22 ngàn bánh gạo tớp bốc kì sốt chua ngọt 20 ngàn cánh gà truyền thống 28 ngàn đây chắc có lẽ là cái tiệm gà rán rẻ nhất sài gòn rồi khi mà clip này lên sóng chắc các bạn trẻ ở gò bắp ồ lên đây là cái tiệm ruột mà mình hay đặt qua app đây nè đúng rồi đúng rồi đó đây là good chicken tiệm gà rán rẻ nhất như sài gòn đây đây bà chị này nè ăn gà rán ở đây riết nghiện luôn á chị ở gần đây cho nên là hay đi bộ qua đây ăn lắm thì đồ ăn ở đây thì rất là ngon giá kẻ thì cũng hợp lý so với sinh viên đặc biệt là ở đây là có nhiều loại sốt để mình lựa chọn mà bà chị này nói đúng nha ui cha mẹ ơi nào là gà lắc phô mai sốt cay hàn quốc sốt tương sốt bơ tỏi sốt mật ong sốt siêu cay loại sốt nào mình cũng ghiền hết nha nhìn menu nè mọi người siêu siêu rẻ luôn một cái phần gà như vầ hết nha nhìn menu này mọi người siêu siêu rẻ luôn một cái phần gà như vầy nè chỉ có 22 ngàn thôi các bạn học sinh hay là sinh viên gà bắp đều có thể ăn được luôn ở đây có rất là nhiều vị như cái này là cái vị truyền thống nè mình ăn thử nha wow cái miếng gà nó mềm lắm nha lắp cải thấm cái vị marjoram tương ớt cái lớp gà bên ngoài thì nó giòn giòn bên trong thì mềm mọng nước ngon lắm luôn á cánh gà gì đâu mà to còn hơn cái đùi gà nữa đây là cái vị gà truyền thống nha đây là cái vị gà truyền thống nha và đây gà lắc phô mai 3 miếng 22 ngàn thôi cái lớp phô mai phủ lên dày đặc luôn á còn này là 20 ngàn 1 2 3 4 5 6 7 8 9 10 1 12 miếng bánh gạo luôn 1 cái đùa gà sốt cay 28 ngàn đây cái sự hấp dẫn nằm ở đây nha chả cá hàn quốc cay 3 miếng như vầy chỉ có 25 ngàn thôi mê thật sự mấy mọi người thôi sách mông qua ăn đi chờ chi nữa mọi người ơi rẻ quá mà,"['bắp', 'gà sốt cay', 'gà', 'chả cá', 'ốc', 'gà truyền thống', 'gà bên ngoài', 'gà rán rẻ', 'gà rán rẻ nhất', 'cá', 'gà bắp']",[],['nó mềm lắm']
7201903893503116294,7312743828501335298,"Nếu anh em ở Sài Gòn ăn chơi thâu đêm suốt sáng thì hãy lưu lại clip này nha Đây là tiệm kim bắp nhà Hạ Kim, giá 9 người hàng mở nằm tại địa chỉ 13,1 Lê Thanh Tôn, quận 1 Mình không nghĩ đĩa kim bắp này giá chỉ 50 ngàn mà có tới 4 loại bánh chanh luôn nha Chưa kể còn có 1 chén súp nữa, quá xá rẻ so với mặt bằng chung ở quận 1 Xin chào mọi người, lại là mình địa chỉ ăn uống đây Trưa được bé em dẫn đi ăn kim bắp, phải nói bên này rẻ mà chất lượng lắm nha Nào là bánh gạo tteokbokki, miếng cuộn rong biển chi, quần súp thịt heo, cơm phủ trứng Cơm thịt heo chiên giòn súp curry Món nào món nấy siêu ngon và đậm chất hàng, đặc biệt là chỉ từ 50 ngàn thôi Nhưng mà lưu ý nè, bạn nên tới đây giờ thấp điểm, chứ tới giờ cao điểm như ăn trưa ăn tối là xác định chờ dài cổ đó nha Đây là phần kimbap 50 ngàn mình nói ở đầu clip Một đĩa kimbap tàu nào nần, mình nghĩ nhiều khi 2 người ăn mới hết Vì cái miếng kimbap này nó to dữ lắm, khi ăn nhớ chấm chén nước sốt này mới đầy đủ vị nha các bạn Ở phần kimbap này, banh chanh tới 4 loại kèm thêm một chiếc súp chả cá nữa ui ta nói nó ngon lắm luôn đó nha đây là tteokbokki phô mai với phần này mình thấy bánh gạo dẻo dai phô mai nhiều ngập ngụa luôn nước sốt thì cô đặc nhìn đã con mắt thiệt sự còn đây là miếng của rong biển chi bên ngoài khá là giòn bên trong có độ dai nhẹ của miếng ăn vô hơi bị cuốn nghe đây là món mình ghiền ở cái quán này sau kim bắp đó là món súp thịt heo. Bếp vừa đem ra nóng hổi bớt khói là mình húp lấy húp để, nghiện quá mà. Món này sẽ ăn kèm với bún và cơm tùy vào khẩu vị của bạn. Vậy heo, trưa nay không biết ăn gì thì ghé kimbap nhà họ kiêm nha.",https://www.tiktok.com/@7201903893503116294/video/7312743828501335298,nếu anh em ở sài gòn ăn chơi thâu đêm suốt sáng thì hãy lưu lại clip này nha đây là tiệm kim bắp nhà hạ kim giá 9 người hàng mở nằm tại địa chỉ 13 1 lê thanh tôn quận 1 mình không nghĩ đĩa kim bắp này giá chỉ 50 ngàn mà có tới 4 loại bánh chanh luôn nha chưa kể còn có 1 chén súp nữa quá xá rẻ so với mặt bằng chung ở quận 1 xin chào mọi người lại là mình địa chỉ ăn uống đây trưa được bé em dẫn đi ăn kim bắp phải nói bên này rẻ mà chất lượng lắm nha nào là bánh gạo tteokbokki miếng cuộn rong biển chi quần súp thịt heo cơm phủ trứng cơm thịt heo chiên giòn súp curry món nào món nấy siêu ngon và đậm chất hàng đặc biệt là chỉ từ 50 ngàn thôi nhưng mà lưu ý nè bạn nên tới đây giờ thấp điểm chứ tới giờ cao điểm như ăn trưa ăn tối là xác định chờ dài cổ đó nha đây là phần kimbap 50 ngàn mình nói ở đầu clip một đĩa kimbap tàu nào nần mình nghĩ nhiều khi 2 người ăn mới hết vì cái miếng kimbap này nó to dữ lắm khi ăn nhớ chấm chén nước sốt này mới đầy đủ vị nha các bạn ở phần kimbap này banh chanh tới 4 loại kèm thêm một chiếc súp chả cá nữa ui ta nói nó ngon lắm luôn đó nha đây là tteokbokki phô mai với phần này mình thấy bánh gạo dẻo dai phô mai nhiều ngập ngụa luôn nước sốt thì cô đặc nhìn đã con mắt thiệt sự còn đây là miếng của rong biển chi bên ngoài khá là giòn bên trong có độ dai nhẹ của miếng ăn vô hơi bị cuốn nghe đây là món mình ghiền ở cái quán này sau kim bắp đó là món súp thịt heo bếp vừa đem ra nóng hổi bớt khói là mình húp lấy húp để nghiện quá mà món này sẽ ăn kèm với bún và cơm tùy vào khẩu vị của bạn vậy heo trưa nay không biết ăn gì thì ghé kimbap nhà họ kiêm nha,"['bắp', 'thịt', 'chả cá', 'gà', 'cơm', 'súp thịt heo bếp', 'thịt heo cơm', 'heo trưa', 'heo', 'cơm thịt heo', 'heo bếp', 'heo cơm', 'thịt heo bếp', 'bún', 'cá', 'thịt heo', 'súp', 'bắp nhà']",[],['chiên giòn súp']
7201903893503116294,7312372691892276481,"Ở đây uống một ly trà chanh bất kỳ sẽ được tặng một ký cam sành nha. Đây có lẽ là ly trà chanh trà thanh long giả tay mát lòng mát dã nhất mà mình từng uống. Bởi vì quán đang có chương trình giải cứu cam cho bà con miền Tây. Khi bạn uống bất kỳ một ly trà chanh nào ở tiệm O Chanh này, bạn sẽ được tặng một ký cam mang về. Xin chào mọi người, lại là mình địa chỉ ăn uống đây. Nói về O Chanh chắc không cần nói thêm. Vì đây là tiệm trà chanh giả tay nổi tiếng nhất cũng như là đầu tiên mở bán ở Sài Gòn. Mình cảm thấy hương trà rất là thơm. Chưa kể vị chanh tươi quảng đông ngào ngạt thơm nước mũi luôn. Mà nói gì thì nói, thực khách chấp nhận xếp hàng để mua ly trà chanh này thì phải nói là ngon không bằng cãi rồi. Ngoài chuyện giải cứu cam, quán cũng chịu khó bắt trend lắm. Có trong ly trà chanh giả Tây này nè, vừa thơm vừa ngon vừa giải khát là giải cứu cam cho bà con miền Tây. Vậy tại sao lại không thử mọi người ơi?",https://www.tiktok.com/@7201903893503116294/video/7312372691892276481,ở đây uống một ly trà chanh bất kỳ sẽ được tặng một ký cam sành nha đây có lẽ là ly trà chanh trà thanh long giả tay mát lòng mát dã nhất mà mình từng uống bởi vì quán đang có chương trình giải cứu cam cho bà con miền tây khi bạn uống bất kỳ một ly trà chanh nào ở tiệm o chanh này bạn sẽ được tặng một ký cam mang về xin chào mọi người lại là mình địa chỉ ăn uống đây nói về o chanh chắc không cần nói thêm vì đây là tiệm trà chanh giả tay nổi tiếng nhất cũng như là đầu tiên mở bán ở sài gòn mình cảm thấy hương trà rất là thơm chưa kể vị chanh tươi quảng đông ngào ngạt thơm nước mũi luôn mà nói gì thì nói thực khách chấp nhận xếp hàng để mua ly trà chanh này thì phải nói là ngon không bằng cãi rồi ngoài chuyện giải cứu cam quán cũng chịu khó bắt trend lắm có trong ly trà chanh giả tây này nè vừa thơm vừa ngon vừa giải khát là giải cứu cam cho bà con miền tây vậy tại sao lại không thử mọi người ơi,"['gà', 'trà chanh bất kỳ', 'trà thanh long giả tay', 'trà chanh trà thanh long', 'trà chanh', 'trà', 'trà chanh giả tây']",[],"['là ngon không', 'là thơm chưa']"
7201903893503116294,7312013516389600514,"3 gói này là bao nhiêu chị? Cái kia 20, 30 nữa 50, với lại cái bếp kia là 15 ngàn nữa. Ờ. Tại nhiêu? 65 ngàn, rồi 60, bớt 5 ngàn luôn, vui vẻ. Rồi. Rồi em thuế tiền chị. Rồi, ok, cảm ơn em. Rồi chị thuế tiền. Mọi người, chị Thảo, tiệm lẩu cá 67. Bữa nay nó bán bánh tráng trộn nữa nha Bánh tráng trộn và tiệm bánh tráng trộn cốt mỡ đầy đủ hết Mọi người mà qua mà ăn lẩu á Mua bánh tráng được chạm giá nữa Đó, trời ơi, thích lẩu chưa Ủa alo, hôm nay mình qua ăn lẩu cá mà Nói chứ ai mà không biết chị Thảo nội đình nội đám Với tiệm lẩu cá 67 Lê Trung Nghĩa Mà nay chị có bán bánh tráng trộn nữa nha Nghe đâu thử nguồn bánh tráng không thôi là bỏ ra tầm 10 triệu để chọn loại bánh tráng ngon nhất Mà cũng lời lỗ gì tầm này Chỉ vì con chị thích ăn bánh tráng nên chị bán vậy thôi Chưa bàn đến độ ngon hay dở nhưng hôm nay mình tới quán thấy chị làm những công đoạn này là thấy mê nè Hành phi tự làm từ những củ hành tươi chứ không mua ngoài chợ về bán cho khách đâu Nhìn chảo hành phi thơm phức là thấy mê rồi Đá vải tớp mỡ cũng là từ thịt mỡ tươi chiên giòn trong ngày Tuy tính thật sự luôn á Chất nhất là ở đòn này nè Xào điệp nhật cục ta bự cắt ra xào lên để trộn bán cho khách Mà bịch bánh tráng xào điệp này chỉ có 30 ngàn bịch chứ nhiều nhỏ gì đâu Nhìn các loại topping nè mọi người Bò khô, gà khô, lá chanh, muối nhuyễn, mỡ hành, tỏi phi, ớt satê Loại nào loại nấy thuộc hàng cực phẩm Mà chị chỉ bán mang đi thôi Nên ai ăn lẩu cá bên chị Nhớ ghé mua 1 bịch bánh tráng lên ngồi lay ra chờ món nha Địa chỉ thì mình để trên clip nè Vậy ha",https://www.tiktok.com/@7201903893503116294/video/7312013516389600514,3 gói này là bao nhiêu chị cái kia 20 30 nữa 50 với lại cái bếp kia là 15 ngàn nữa ờ tại nhiêu 65 ngàn rồi 60 bớt 5 ngàn luôn vui vẻ rồi rồi em thuế tiền chị rồi ok cảm ơn em rồi chị thuế tiền mọi người chị thảo tiệm lẩu cá 67 bữa nay nó bán bánh tráng trộn nữa nha bánh tráng trộn và tiệm bánh tráng trộn cốt mỡ đầy đủ hết mọi người mà qua mà ăn lẩu á mua bánh tráng được chạm giá nữa đó trời ơi thích lẩu chưa ủa alo hôm nay mình qua ăn lẩu cá mà nói chứ ai mà không biết chị thảo nội đình nội đám với tiệm lẩu cá 67 lê trung nghĩa mà nay chị có bán bánh tráng trộn nữa nha nghe đâu thử nguồn bánh tráng không thôi là bỏ ra tầm 10 triệu để chọn loại bánh tráng ngon nhất mà cũng lời lỗ gì tầm này chỉ vì con chị thích ăn bánh tráng nên chị bán vậy thôi chưa bàn đến độ ngon hay dở nhưng hôm nay mình tới quán thấy chị làm những công đoạn này là thấy mê nè hành phi tự làm từ những củ hành tươi chứ không mua ngoài chợ về bán cho khách đâu nhìn chảo hành phi thơm phức là thấy mê rồi đá vải tớp mỡ cũng là từ thịt mỡ tươi chiên giòn trong ngày tuy tính thật sự luôn á chất nhất là ở đòn này nè xào điệp nhật cục ta bự cắt ra xào lên để trộn bán cho khách mà bịch bánh tráng xào điệp này chỉ có 30 ngàn bịch chứ nhiều nhỏ gì đâu nhìn các loại topping nè mọi người bò khô gà khô lá chanh muối nhuyễn mỡ hành tỏi phi ớt satê loại nào loại nấy thuộc hàng cực phẩm mà chị chỉ bán mang đi thôi nên ai ăn lẩu cá bên chị nhớ ghé mua 1 bịch bánh tráng lên ngồi lay ra chờ món nha địa chỉ thì mình để trên clip nè vậy ha,"['lẩu', 'thịt', 'gà', 'thịt mỡ tươi chiên', 'lẩu cá', 'cá bên chị', 'gà khô lá chanh', 'cá', 'bò', 'bò khô gà khô']","['thuế tiền', 'thuế tiền chị']",[]
7201903893503116294,7311626008677993729,"Các bạn không hề nhìn lầm đâu, ngay trong tòa nhà Landmark 81 xịn xò với không gian nhà hàng sang trọng mà chỉ từ 50.000 bạn có thể gọi món ăn thức uống phụ phê nha. Xin chào mọi người, lại là mình địa chỉ ăn uống đây. Đây là Chili Thái, một nhà hàng Thái khá là nổi tiếng tại Sài Gòn. Chắc không còn xa lạ với các bạn nữa rồi đúng không? Nay Chili Thái đã chính thức ra mắt tại Landmark 81 rồi nè. Bật mí là Chili Thái này nằm cạnh CGV nữa đó nha. Đã chưa, đã chưa, đã là quán ruột rồi nên mình gọi luôn chứ chẳng cần xem menu. Những món ăn hôm nay tụi mình gọi đây. Đã là quán ruột rồi nên mình gọi luôn chứ chẳng cần xem menu. Những món ăn hôm nay tụi mình gọi đây. Đọng heo nướng mật ong chili thái, bạc thái truyền thống, cơm chiên trái thơm, súp tôm dùm nước trong cá giòn, hào sữa chiên trứng, salad trứng lòng đào thịt bòm, gọi cá trê truyền thống, lạp sưởng thái chiên, hoành thảnh tôm, ba rọi sóc tỏi, tráng miệng thì mình gọi kem trái dừa. Gọi cá trê truyền thống ở đây mình thấy ăn khá ổn, nước mắm sồi nêm nếm vừa vàng kết hợp với miếng cá trê chiên đã ráo dầu, một sự kết hợp châm giả mà ngon lắm nha. Món đọng heo nướng mật ong này cũng khá là ngon mềm ngầy và giòn sần sầu sốt chấm thì có vị chua cay từ me ăn rất là cuốn nha sốt xum xum nước trong cá giòn ai cậu biết món này có vị chua cay mặn ngọt cùng vị béo từ sữa bên cạnh đó những hương vị từ riền sả lá chút tuy nhiên nó trong và thanh hơn kết hợp với điểm nhấn là miếng cá mềm giòn cắn một miếng ngon khó cững các bạn ơi thao sữa chiên trứng riêng món này mình thấy dù gu ăn đồ Thái của bạn ra sao thì mình tin bạn sẽ vẫn cảm thấy hợp bởi vì nó ngon một cách đơn giản, nước chấm cũng vừa miệng lắm. Kem dừa ở Chili Thái ai đã ăn rồi thì chỉ có nghiện, topping thì siêu nhiều mà đặc biệt mình ấn tượng là phần cốt dừa rưới lên kem béo ngậy đã lắm luôn á. Quán Thái ở Sài Gòn mình thấy nhiều nhưng Chili Thái đối với mình rất hợp gu, còn bạn thì sao? Thử đi.",https://www.tiktok.com/@7201903893503116294/video/7311626008677993729,các bạn không hề nhìn lầm đâu ngay trong tòa nhà landmark 81 xịn xò với không gian nhà hàng sang trọng mà chỉ từ 50 000 bạn có thể gọi món ăn thức uống phụ phê nha xin chào mọi người lại là mình địa chỉ ăn uống đây đây là chili thái một nhà hàng thái khá là nổi tiếng tại sài gòn chắc không còn xa lạ với các bạn nữa rồi đúng không nay chili thái đã chính thức ra mắt tại landmark 81 rồi nè bật mí là chili thái này nằm cạnh cgv nữa đó nha đã chưa đã chưa đã là quán ruột rồi nên mình gọi luôn chứ chẳng cần xem menu những món ăn hôm nay tụi mình gọi đây đã là quán ruột rồi nên mình gọi luôn chứ chẳng cần xem menu những món ăn hôm nay tụi mình gọi đây đọng heo nướng mật ong chili thái bạc thái truyền thống cơm chiên trái thơm súp tôm dùm nước trong cá giòn hào sữa chiên trứng salad trứng lòng đào thịt bòm gọi cá trê truyền thống lạp sưởng thái chiên hoành thảnh tôm ba rọi sóc tỏi tráng miệng thì mình gọi kem trái dừa gọi cá trê truyền thống ở đây mình thấy ăn khá ổn nước mắm sồi nêm nếm vừa vàng kết hợp với miếng cá trê chiên đã ráo dầu một sự kết hợp châm giả mà ngon lắm nha món đọng heo nướng mật ong này cũng khá là ngon mềm ngầy và giòn sần sầu sốt chấm thì có vị chua cay từ me ăn rất là cuốn nha sốt xum xum nước trong cá giòn ai cậu biết món này có vị chua cay mặn ngọt cùng vị béo từ sữa bên cạnh đó những hương vị từ riền sả lá chút tuy nhiên nó trong và thanh hơn kết hợp với điểm nhấn là miếng cá mềm giòn cắn một miếng ngon khó cững các bạn ơi thao sữa chiên trứng riêng món này mình thấy dù gu ăn đồ thái của bạn ra sao thì mình tin bạn sẽ vẫn cảm thấy hợp bởi vì nó ngon một cách đơn giản nước chấm cũng vừa miệng lắm kem dừa ở chili thái ai đã ăn rồi thì chỉ có nghiện topping thì siêu nhiều mà đặc biệt mình ấn tượng là phần cốt dừa rưới lên kem béo ngậy đã lắm luôn á quán thái ở sài gòn mình thấy nhiều nhưng chili thái đối với mình rất hợp gu còn bạn thì sao thử đi,"['thịt bò', 'thịt', 'cơm', 'súp', 'kem béo ngậy', 'kem', 'tôm', 'heo', 'súp tôm', 'cá trê chiên', 'sữa bên cạnh', 'kem dừa', 'cá', 'sữa', 'bò', 'kem trái dừa']",[],"['mà ngon lắm', 'mặn ngọt cùng', 'vị béo từ', 'trái thơm súp', 'và thanh hơn']"
7201903893503116294,7311301692501331202,"Sau 10 phút, mình đã hoàn thành được một nửa cái mẹt này Quá dữ luôn á Mình đã được giải thưởng là 2 triệu đồng Sạch trơn luôn nha Sạch mẹt cơm Được cái giải thưởng 2 triệu đồng Xin chào mọi người, hôm nay địa chỉ Anh Uống có mặt tại Cơm Niêu Thiên Lý Cơm Niêu Thiên Lý đang có một cái thử thách rất là lớn Ăn một cái mẹt cơm siêu to khổng lồ sẽ được tặng 2 triệu. Mọi người theo chân mình nha. Đây, thử thách mâm cơm Thạch Xanh Lý Thiên giải thưởng là 2 triệu đồng. Cho mình hỏi là bên mình đang có cái thử thách là ăn cái mẹ cơm được 2 triệu đúng không ạ? Dạ đúng ạ. Hiện tại bọn em đang có chạy chương trình là mẹ cơm Thạch Xanh Lý Thiên. Nếu mà hoàn thành trong vòng 30 phút mà sẽ được thưởng là 2 triệu đồng. Không hoàn thành cái đúng ạ Hiện tại bên em đang có chạy chương trình Mẹ Cơm Thạch Xanh Lý Thiên Nếu mà hoàn thành trong vòng 30 phút Mình sẽ được thưởng là 2 triệu đồng Không hoàn thành cái thử thách đó thì như thế nào anh ha? Dạ thì ở đây nếu mình không hoàn thành thử thách Thì phí tham gia của mình là 380 Mà chỉ mất 380 ngàn thôi ạ Wow Cũng đâu có mắc mát gì nhiều mọi người Một cái mẹt đầy ụ luôn nè Cái mẹt này sẽ bao gồm là Đậu hủ kho Thịt luộc Bò xào Gà rô tây kho Hai cái bánh cơm Rồi bây giờ mình sẽ bắt đầu mình bấm giờ nha mình sẽ ăn trong vòng 30 phút rồi thưởng thức thôi đầu tiên ăn rau đều đen ngon quá à 30 phút mình sắp thành công rồi gà ngon quá à cố gắng thôi 2 triệu trước mắt đang chờ mình mình đừng nên uống nước nhiều khi mà mình mình uống nước nhiều cơm này nó nở ra, gà nó nở ra tất cả nó nở ra thì mình không thể nào mà hoàn thành được cái thử thách này mình đã hoàn thành cái thử thách 17 phút còn dư tới 13 phút luôn 2 triệu, anh ăn hết rồi trời ơi chúc mừng anh em thử cho anh ăn mình là 2 triệu ạ anh đã hoàn thành cái mạng hiện tại anh chưa có dùng hết cái mạng bên thử hết bên em à dạ là anh chưa hoàn thành thử pháp cái này mình không được bỏ riêng ra bên em có quy định là mình không được bỏ riêng ra hồi nãy anh mua chuột em rồi mà bị quân lý phát hiện đúng không cái này anh thông cảm mình đã có ký hoạn kịp kết rồi nên là mình thông cảm cho em hôm qua được mình mình mua chuột nhỏ đây rồi nó bắn nước mình Trời kì, không được rồi",https://www.tiktok.com/@7201903893503116294/video/7311301692501331202,sau 10 phút mình đã hoàn thành được một nửa cái mẹt này quá dữ luôn á mình đã được giải thưởng là 2 triệu đồng sạch trơn luôn nha sạch mẹt cơm được cái giải thưởng 2 triệu đồng xin chào mọi người hôm nay địa chỉ anh uống có mặt tại cơm niêu thiên lý cơm niêu thiên lý đang có một cái thử thách rất là lớn ăn một cái mẹt cơm siêu to khổng lồ sẽ được tặng 2 triệu mọi người theo chân mình nha đây thử thách mâm cơm thạch xanh lý thiên giải thưởng là 2 triệu đồng cho mình hỏi là bên mình đang có cái thử thách là ăn cái mẹ cơm được 2 triệu đúng không ạ dạ đúng ạ hiện tại bọn em đang có chạy chương trình là mẹ cơm thạch xanh lý thiên nếu mà hoàn thành trong vòng 30 phút mà sẽ được thưởng là 2 triệu đồng không hoàn thành cái đúng ạ hiện tại bên em đang có chạy chương trình mẹ cơm thạch xanh lý thiên nếu mà hoàn thành trong vòng 30 phút mình sẽ được thưởng là 2 triệu đồng không hoàn thành cái thử thách đó thì như thế nào anh ha dạ thì ở đây nếu mình không hoàn thành thử thách thì phí tham gia của mình là 380 mà chỉ mất 380 ngàn thôi ạ wow cũng đâu có mắc mát gì nhiều mọi người một cái mẹt đầy ụ luôn nè cái mẹt này sẽ bao gồm là đậu hủ kho thịt luộc bò xào gà rô tây kho hai cái bánh cơm rồi bây giờ mình sẽ bắt đầu mình bấm giờ nha mình sẽ ăn trong vòng 30 phút rồi thưởng thức thôi đầu tiên ăn rau đều đen ngon quá à 30 phút mình sắp thành công rồi gà ngon quá à cố gắng thôi 2 triệu trước mắt đang chờ mình mình đừng nên uống nước nhiều khi mà mình mình uống nước nhiều cơm này nó nở ra gà nó nở ra tất cả nó nở ra thì mình không thể nào mà hoàn thành được cái thử thách này mình đã hoàn thành cái thử thách 17 phút còn dư tới 13 phút luôn 2 triệu anh ăn hết rồi trời ơi chúc mừng anh em thử cho anh ăn mình là 2 triệu ạ anh đã hoàn thành cái mạng hiện tại anh chưa có dùng hết cái mạng bên thử hết bên em à dạ là anh chưa hoàn thành thử pháp cái này mình không được bỏ riêng ra bên em có quy định là mình không được bỏ riêng ra hồi nãy anh mua chuột em rồi mà bị quân lý phát hiện đúng không cái này anh thông cảm mình đã có ký hoạn kịp kết rồi nên là mình thông cảm cho em hôm qua được mình mình mua chuột nhỏ đây rồi nó bắn nước mình trời kì không được rồi,"['thịt', 'gà', 'rau', 'cơm', 'gà ngon', 'heo', 'đậu hủ kho thịt', 'cơm siêu to khổng lồ', 'cá', 'đậu hủ', 'bò']",[],['đen ngon quá']
7201903893503116294,7311180210135747842,"Một cái quán lẩu bò kho Phải nói là siêu siêu đông khách ở quận 5 nha Quán này là quán lẩu bò kho xương ống nha Nhìn vào cái khu bên trong nè Trời ơi Rất rất là đông khách luôn á Cái lẩu bò kho xương ống này giá 150 ngàn Nhưng mà điều đặc biệt á Là nó có một cái cục tủy bò Một cái xương tủy bò rất là lớn luôn Mọi người có thể coi nè Trời ơi Một cái cục xương to choy bò rất là lớn luôn mọi người có thể coi nè thầy ơi một cái cục xương to cho bá lửa luôn thầy ơi to lắm luôn á bên trong là đầy ụ topin luôn và ở đây chỉ bán là lẩu bò kho thôi mình sẽ để cái cục xương này vào cái nồi này nha ui mình sẽ để cái cục xương này vào cái cái nồi này nha mỗi lẩu thì mình sẽ tặng một cái xương ống bò thì cái số lượng xương ống này thì mỗi ngày nó sẽ có giá giới hạn nên là người nào tới trễ quá thì mình xin phép là hết hình như mới có mình anh bán món này anh sẽ nấu một cái nồi bò kho riêng. Và cái nước lèo này là nước lèo anh hầm xương ống bò. Ở đây tại vì một nồi này một ngày anh nấu tầm khoảng từ 30-40kg xương ống. Nó nằm trong đây. Thì cái nồi nước lèo rất là chất. Lẩu này mình sẽ chấm chao. Mình không có chấm những món khác. Và nước mắm là tùy người. Nhiều người không ăn chao được thì sẽ lấy nước mắm. Đây chỉ là thịt bò. Thịt bò anh ướp gia vị bò kho và toàn bộ anh nấu bằng nước dừa hết không có một miếng nước lạnh nào hết thứ nhất là nó mềm hơn, nó thơm hơn với lại cái vị của nó sẽ không có bị quá đậm nó sẽ làm cho cái vị bò kho nó hơi lạc đi một tí, nó đỡ bị ngán hơn bò hủ với lại mì trứng hoặc là mì gốiối ăn kèm với lại rau cải xanh và nấm ở đây thì thấp nhất của anh là 150, 180 và 200 những món ăn thêm thì từ 35 ngàn là 1 phần trà đá thì miễn phí nước ngọt thì anh bán 15 ngàn 1 ly uống chừng nào no là thôi",https://www.tiktok.com/@7201903893503116294/video/7311180210135747842,một cái quán lẩu bò kho phải nói là siêu siêu đông khách ở quận 5 nha quán này là quán lẩu bò kho xương ống nha nhìn vào cái khu bên trong nè trời ơi rất rất là đông khách luôn á cái lẩu bò kho xương ống này giá 150 ngàn nhưng mà điều đặc biệt á là nó có một cái cục tủy bò một cái xương tủy bò rất là lớn luôn mọi người có thể coi nè trời ơi một cái cục xương to choy bò rất là lớn luôn mọi người có thể coi nè thầy ơi một cái cục xương to cho bá lửa luôn thầy ơi to lắm luôn á bên trong là đầy ụ topin luôn và ở đây chỉ bán là lẩu bò kho thôi mình sẽ để cái cục xương này vào cái nồi này nha ui mình sẽ để cái cục xương này vào cái cái nồi này nha mỗi lẩu thì mình sẽ tặng một cái xương ống bò thì cái số lượng xương ống này thì mỗi ngày nó sẽ có giá giới hạn nên là người nào tới trễ quá thì mình xin phép là hết hình như mới có mình anh bán món này anh sẽ nấu một cái nồi bò kho riêng và cái nước lèo này là nước lèo anh hầm xương ống bò ở đây tại vì một nồi này một ngày anh nấu tầm khoảng từ 30 40kg xương ống nó nằm trong đây thì cái nồi nước lèo rất là chất lẩu này mình sẽ chấm chao mình không có chấm những món khác và nước mắm là tùy người nhiều người không ăn chao được thì sẽ lấy nước mắm đây chỉ là thịt bò thịt bò anh ướp gia vị bò kho và toàn bộ anh nấu bằng nước dừa hết không có một miếng nước lạnh nào hết thứ nhất là nó mềm hơn nó thơm hơn với lại cái vị của nó sẽ không có bị quá đậm nó sẽ làm cho cái vị bò kho nó hơi lạc đi một tí nó đỡ bị ngán hơn bò hủ với lại mì trứng hoặc là mì gốiối ăn kèm với lại rau cải xanh và nấm ở đây thì thấp nhất của anh là 150 180 và 200 những món ăn thêm thì từ 35 ngàn là 1 phần trà đá thì miễn phí nước ngọt thì anh bán 15 ngàn 1 ly uống chừng nào no là thôi,"['thịt bò anh', 'gà', 'bò kho xương ống', 'lẩu bò kho', 'cá', 'thịt bò', 'thịt', 'nấm', 'lẩu bò kho xương', 'thịt bò thịt bò', 'lẩu', 'rau', 'lẩu bò', 'bò anh', 'trà đá', 'bò kho xương ống nha', 'bò kho riêng', 'bò kho', 'bò thịt bò anh', 'bò', 'trà']",[],"['nó mềm hơn', 'nó thơm hơn']"
7201903893503116294,7310882154475556097,"Đây là chi nhánh mới của Winn Tea nha. Vẫn là những loại trà đó. Trà sữa Winn. Trà sữa Chi. Trà sữa Alisan và trà sữa Ceylon. Mình gọi 4 ly. Trời đất quỷ thần ơi. Hồi nãy ngồi đứng sắp hàng. Trời ơi. Đúng trời mỏi mệt luôn mới được 4 ly này. Thực ra thì hôm nay mình đến. Mình thưởng thức những cái ly này để so sánh những cái ly này cái vị nó có giống như chi nhánh 1 hay không? Và cái thứ 2 nữa là xem cái không gian ở đây. Thì mình thấy thật sự là cái không gian ở đây thì nó nó nhỏ hơn, nó nhỏ hơn bên khu vực Vụ 1 nhiều nhưng mà nó được 1 cái nha. Được 1 cái là ở khu này là văn khoăn phòng nhiều và nó nằm ngay ngã tư Lý Chính Thắng và Bà Huyện Thanh Quang. Giữa thời tiết đưa nắng bạn chỉ dừng xe bạn vô bạn order một ly trà sữa. Hít một hơi nó phê cả ngày luôn và đây là cái lớp trà sòi kem chi nè. Trước khi uống khoái nhẹ ha. Nó chẳng khác nào một là một dạng trà cây cây nhưng mà ở đây nó chua chua ngọt ngọt như ở trên á. Đặc biệt nha, đặc biệt là cái lớp camcree rất rất là tuyệt vời luôn, nó béo mịn. Cái dòng Ceylon này nè, nó rất là đậm vị trà. Trà của anh đang uống là trà gì? Trà này là trà Ceylon. Em thích cái trà này bởi vì nó đậm vị nên là khi mà em biết là cái quán quán này vừa mở gần nhà em là em qua em mua liền luôn Em uống ở đây bao giờ khi gặp anh? Em có đi một lần ở chi nhánh Hàng Thuyền rồi nhưng mà chi nhánh này em nghe nó mới mở mà nó gần nhà em luôn nên là em qua em uống luôn á Trời ơi! Trời ơi! Chào em! Đã giờ em xuất hàng cái ly trà này bao lâu rồi? Trời ơi! Em chờ hơn 20 phút á 20 phút luôn? Thì hôm nay em order một cái ly gọi là trà sữa Alisan Nhưng mà em chờ 20 phút để có được cái ly này Ly này giá 55 Thì em uống nãy giờ thì thấy là Cái vị của cái ly này á nó có mùi hạnh nhân Và nó có cái độ béo của nó rất là thơm Và thứ 2 nữa là Cái vị nó ngọt vừa và cái trà rất là đậm Thì em lại thích uống trà đậm như thế này",https://www.tiktok.com/@7201903893503116294/video/7310882154475556097,đây là chi nhánh mới của winn tea nha vẫn là những loại trà đó trà sữa winn trà sữa chi trà sữa alisan và trà sữa ceylon mình gọi 4 ly trời đất quỷ thần ơi hồi nãy ngồi đứng sắp hàng trời ơi đúng trời mỏi mệt luôn mới được 4 ly này thực ra thì hôm nay mình đến mình thưởng thức những cái ly này để so sánh những cái ly này cái vị nó có giống như chi nhánh 1 hay không và cái thứ 2 nữa là xem cái không gian ở đây thì mình thấy thật sự là cái không gian ở đây thì nó nó nhỏ hơn nó nhỏ hơn bên khu vực vụ 1 nhiều nhưng mà nó được 1 cái nha được 1 cái là ở khu này là văn khoăn phòng nhiều và nó nằm ngay ngã tư lý chính thắng và bà huyện thanh quang giữa thời tiết đưa nắng bạn chỉ dừng xe bạn vô bạn order một ly trà sữa hít một hơi nó phê cả ngày luôn và đây là cái lớp trà sòi kem chi nè trước khi uống khoái nhẹ ha nó chẳng khác nào một là một dạng trà cây cây nhưng mà ở đây nó chua chua ngọt ngọt như ở trên á đặc biệt nha đặc biệt là cái lớp camcree rất rất là tuyệt vời luôn nó béo mịn cái dòng ceylon này nè nó rất là đậm vị trà trà của anh đang uống là trà gì trà này là trà ceylon em thích cái trà này bởi vì nó đậm vị nên là khi mà em biết là cái quán quán này vừa mở gần nhà em là em qua em mua liền luôn em uống ở đây bao giờ khi gặp anh em có đi một lần ở chi nhánh hàng thuyền rồi nhưng mà chi nhánh này em nghe nó mới mở mà nó gần nhà em luôn nên là em qua em uống luôn á trời ơi trời ơi chào em đã giờ em xuất hàng cái ly trà này bao lâu rồi trời ơi em chờ hơn 20 phút á 20 phút luôn thì hôm nay em order một cái ly gọi là trà sữa alisan nhưng mà em chờ 20 phút để có được cái ly này ly này giá 55 thì em uống nãy giờ thì thấy là cái vị của cái ly này á nó có mùi hạnh nhân và nó có cái độ béo của nó rất là thơm và thứ 2 nữa là cái vị nó ngọt vừa và cái trà rất là đậm thì em lại thích uống trà đậm như thế này,"['gà', 'trà sữa alisan', 'trà', 'sữa alisan', 'trà cây cây nhưng mà', 'kem', 'trà sữa', 'trà trà', 'cá', 'sữa']",[],"['là thơm và', 'nó béo mịn']"
7201903893503116294,7310814812102069506,"Tin được không, một túi bao tử dê nhồi thịt này chỉ có giá 35 ngàn thôi nha. Diễn thôi cả nhà ơi, mấy này đang hot rần rần cái món bao tử nhồi thịt bò kiểu mông cổ này nè. Mà ăn được món này cũng thuộc hàng đại gia vì theo mình được biết là một nồi lẩu như vậy có giá từ 2 triệu trở lên. Mà thôi, không ăn nổi nồi lẩu bạc triệu thì theo chân mình thưởng thức món bao tử dê nhồi thịt kiểu mông cổ tại Hương Sơn Quán đi. Nay quay lại thưởng thức mấy món best seller của quán thì được anh chủ quán giới thiệu món này. Trời ơi, một cái nồi lẩu 399 ngàn với 10 túi bao tử dê nhồi thịt. Rồi lại còn thịt dê tươi và cả ống tủy nữa. Quá xá là hấp dẫn. Ở đây thịt dê được bọc bởi khăn lông, tổ ong và lá sách. Nước lẩu thì ngọt thanh có cả kỳ tử và tàu đỏ trong nồi nước lẩu này luôn nha. Điểm nhấn là những túi bao tử bọc thịt dê này nè. Khi thịt vừa chín tới bạn lấy dao các túi bao tử này ra. Sau đó trét sốt muối ho hẹ này vào rồi cồi cắn cả tủi bao tử này đi Trời ơi bên ngoài dai dai bên trong thịt dê mềm Ta nói nó đã lắm luôn Rất là ngon nha Thịt dê tươi Nhưng mà bọc bên ngoài thì cái lớp Cái bao tử nó cũng dai dòng sần sật á Ăn nó cuốn rất là cuốn luôn á Chứ kể nồi lẩu này còn cả ống tủi dê Rồi cả phi lê thịt dê tươi nữa Trước khi mà hút cái ống tủi này ha Mình cắn nhẹ cái lớp thịt bên ngoài. Nó phết rồi đúng không? Hút cái ống tủy nha. Wow. Sạch luôn. U là trời không bổ ngang thì cũng bổ dọc nha. Mà món bao tử dê nhồi thịt phải chấm với nước sốt hoa hệ này mới ngon nha. Hãy subscribe cho kênh Ghiền Mì Gõ Để không bỏ lỡ những video hấp dẫn",https://www.tiktok.com/@7201903893503116294/video/7310814812102069506,tin được không một túi bao tử dê nhồi thịt này chỉ có giá 35 ngàn thôi nha diễn thôi cả nhà ơi mấy này đang hot rần rần cái món bao tử nhồi thịt bò kiểu mông cổ này nè mà ăn được món này cũng thuộc hàng đại gia vì theo mình được biết là một nồi lẩu như vậy có giá từ 2 triệu trở lên mà thôi không ăn nổi nồi lẩu bạc triệu thì theo chân mình thưởng thức món bao tử dê nhồi thịt kiểu mông cổ tại hương sơn quán đi nay quay lại thưởng thức mấy món best seller của quán thì được anh chủ quán giới thiệu món này trời ơi một cái nồi lẩu 399 ngàn với 10 túi bao tử dê nhồi thịt rồi lại còn thịt dê tươi và cả ống tủy nữa quá xá là hấp dẫn ở đây thịt dê được bọc bởi khăn lông tổ ong và lá sách nước lẩu thì ngọt thanh có cả kỳ tử và tàu đỏ trong nồi nước lẩu này luôn nha điểm nhấn là những túi bao tử bọc thịt dê này nè khi thịt vừa chín tới bạn lấy dao các túi bao tử này ra sau đó trét sốt muối ho hẹ này vào rồi cồi cắn cả tủi bao tử này đi trời ơi bên ngoài dai dai bên trong thịt dê mềm ta nói nó đã lắm luôn rất là ngon nha thịt dê tươi nhưng mà bọc bên ngoài thì cái lớp cái bao tử nó cũng dai dòng sần sật á ăn nó cuốn rất là cuốn luôn á chứ kể nồi lẩu này còn cả ống tủi dê rồi cả phi lê thịt dê tươi nữa trước khi mà hút cái ống tủi này ha mình cắn nhẹ cái lớp thịt bên ngoài nó phết rồi đúng không hút cái ống tủy nha wow sạch luôn u là trời không bổ ngang thì cũng bổ dọc nha mà món bao tử dê nhồi thịt phải chấm với nước sốt hoa hệ này mới ngon nha hãy subscribe cho kênh ghiền mì gõ để không bỏ lỡ những video hấp dẫn,"['lẩu', 'thịt bò', 'thịt', 'gà', 'thịt dê mềm', 'thịt bên ngoài', 'thịt dê tươi nhưng mà', 'heo', 'thịt kiểu mông cổ', 'bò kiểu mông cổ', 'thịt dê tươi', 'cá', 'thịt bò kiểu mông', 'bò', 'thịt dê']",[],"['dê mềm ta', 'dê tươi và']"
7201903893503116294,7310517399583804673,"Hành trình đi con đảo 3 ngày 2 đêm siêu rẻ của tụi mình sẽ như thế nào? Chào mừng mọi người đến với kênh Địa chỉ ăn uống. Thật sự thì chuyến đi này là một sự ngậu hứng mọi người à. 3 anh em tụi mình, Địa chỉ ăn uống, Quang học đường, Lulu Review. Lịch trình tụi mình luôn bận rộn. Nhưng khi nói tới đi chơi thì... Đó đó, cái nết hàm chơi khó bỏ mà. Nó đi chơi vậy thôi. Nhưng lần này là tụi mình đi viếng cô xấu. Sau đó kết hợp một số điểm tham quan ở con đảo. Mà cũng may là đạt được vé máy bay và khách sạn giá rẻ nên cũng tiết kiệm được khá là nhiều chi phí và đây là lịch trình địa chỉ tham quan cũng như chi phí ăn uống của mình 3 ngày 2 đêm ở Côn Đảo nha vé máy bay khứa hồi 2 triệu 2 khách sạn 2 đêm 1 triệu 7 thuê xe máy 450 ngàn đồ lễ viếng cô Sáu 2 triệu tua tắm biển lặn ngắm san hô tại Hoàng Tài và Hoàng Bảy Cạnh bên cạnh đó có chương trình thả rùa con về biển là 750.000. Vế tham quan một số điểm tại con đảo, ăn uống phủ phê tại con đảo. Tổng chi phí của cá nhân mình là 8.225.000 đồng. Rồi, bây giờ đi chi tiết vào lịch trình nha. Đầu tiên mình đặt vé hãng bay Bamboo Airways, khứ hồi là 2.2 triệu. Giá vé bay khá rẻ nha. Tới sân bay con đảo mình được khách sạn Mayar đưa xe ra tầng sân bay đón. Wow, giá phòng 850.000, có cả buffet mà còn được đưa rước sân bay 2 chiều. Khá là rẻ đúng không các bạn? Điều đặc biệt khách sạn còn có cho thơ xe máy nữa, rất là tiện nha. Với Maya mình thấy phòng ốc khá là sạch sẽ, có mini bar, TV, ấm đun siêu tốc đầy đủ hết. Hôm mình đi thấy có rất là nhiều khách check in tại khách sạn Maya nha. Sau khi nhận phòng, tụi mình lấy xe máy ra tìm bún riêu và hải khiêm để lắp đầy chiếc bụng đói. Tiệm bà hai bán ngon mà chất lượng lắm. Mọi người nên ghé thử nha. Xong tụi mình về lại phòng nghỉ ngơi sau đó di chuyển ra Nghĩa Trang Hàng Dương. Đây là 2 bộ đồ lễ viến do chị Úc bên tiệm đồ lễ An Nhiên, viến cô Sáu và các anh hùng liệt sĩ chuẩn bị giúp mình. Đã từng viến cô Sáu nhưng đây là lần đầu mình được tư vấn và chuẩn bị chỉnh chu nhất. Tư cách viến khóng làm sao để giữ lại lọc tài và đồ lễ cũng được tiệm cho nhân viên mang đến tận nơi viến giúp mình. Đầu tiên mình di chuyển dân lễ cho các anh hùng liệt sĩ, những người đã hy sinh thầm lặng cho đất nước. Sau đó mình dân lễ và cầu nguyện thành tâm nhất những điều mình mong muốn trước hương linh cô Sáu. Sau khi viến xong bạn nhớ hóa vàng mã và giữ lại lọc mà cô Sáu ban nha. Sau khi viến cô Sáu xong mình làm cameraman cho thằng em ngoan học đường nè. Đây là trường trung học cơ sở Lê Hồng Phong, vừa thấy idol tụi nhỏ nhận ra ngay, ngưỡng mộ thằng em mình ghê. Mà đã tới con đảo thì phải ăn hải sản đúng không? Đây là Bè Sang. đây là trường trung học cơ sở Lê Hồng Phong vừa thấy idol tụi nhỏ nhận ra ngay ngưỡng mộ hàng em mình ghê mà đã tới công đảo thì phải ăn hải sản đúng không đây là Bè Sang từ khách sạn tụi mình di chuyển 14km ra tới cảng vì có liên hệ trước nên nhà hàng cho tàu ra đón nè trời ơi mê nha từ các loại cá mú mũ ni mú đỏ gẹ mực ốc giác đều cả hết đây là bàn ăn của nhóm mình tối hôm nay đây đầy đủ các loại tôm mực cá từ lẩu cho đến xào ngon lắm nha 4 đứa mà chi phí mất 2 triệu 2 à Sáng ngày 2 ở Côn Đảo Tụi mình ăn buffet sáng ở khách sạn Maya Sau đó di chuyển ra tàu để đến Hòn Bảy Cạnh Mọi hoạt động trên Hòn Tài, Hòn Bảy Cạnh Chi phí cano là ngắm sang hô, thả rùa về biển là 750 ngàn Tụi mình đăng ký bên nhà tour Đen Quang nha Ở đây mình được hòa mình vào thiên nhiên Một cánh rừng ngập mặn siêu dễ thương Đặc biệt nơi đây có rất nhiều cá thể rùa sinh đẻ tại đây Chỗ này là nơi các cán bộ kiểm lâm ấp trứng rùa nè. Đây, khúc này là mình thích nhất nè. Thả rùa về biển. Một cảm giác rất tự hào lần lần khó tả. Bạn nhớ di chuyển nhanh nha. Vì sau 8 giờ, các cán bộ kiểm lâm sẽ không cho thả rùa nữa đâu. Vì nghe nói là sợ ánh nắng gắt sẽ làm hỏng mắt của các rùa con. Sau khi thả rùa về biển, tụi mình di chuyển qua hoàng tài làng ngắm sang hồ. Trời ơi là nước trong xanh ở đây thật tuyệt vời làm sao. Tạm biệt Hoàng Tài. Tụi mình về với đảo lớn đây. Trưa thì tụi mình ăn cơm nưu tại quán cơm ba miệt, rau rừng xào, mực kho chua ngọt, canh cải, thịt bào, thịt kho tộ và cả cá bóp kho tộ nữa. Tổng cộng là 1,1 triệu cho 4 đứa. Quá rẻ phải không nè. Quán không nấu sẵn, có hội khẩu vị trước khi nấu nên ok lắm Mọi người có thể thử nha Chiều thì tụi mình tham quan nhà tù công đảo Nơi đây là nơi giam cầm các nhà cách mạng yêu nước Mình lướt qua nha, vì không muốn gợi nhớ lại cảm giác đau thương Và đây là dinh chúa đảo Đây chính là nơi ở và làm việc của các vị chúa đảo ngày trước Những người đứng đầu trong bộ máy cai trị tại công đảo Vết tham quan là 50.000 đồng Bao gồm bảo tàng công đảo, din Dinh Chúa Đảo và nhà tù Công Đảo Chiều ngày 2 tụi mình dạo một vòng Công Đảo ngắm hoàng hôn Trời ơi, ở đây góc nào góc nấy Đều có thể sống ảo được hết nha Đây là kem dừa Công Đảo Món kem mà Lulu review ghiền lắm Ăn tặng 5 trái kem dừa Mà mình cũng nghiện mà, mê lắm Buổi tối ngày 2 tụi mình ăn nhẹ thôi Đứa thì cháo mực, đứa thì phở bò Rồi lại mì hải sản, bánh canh cua Những ngày ở Công Đảo thật là thích Vì không gian ở đây êm đềm, không sâu bồ. Như cái quán cà phê này nè, rất nhiều góc sóng ảo luôn. Mà tin được không, giá đứt chỉ từ 25.000 một ly thôi. Mà tiếc là mình quên mất cái địa chỉ. Để khi nào nhớ thì mình comment ở bên dưới clip nha. Và đây là ngày 3, dậy sớm ngắm Bình Minh. Cơ mà Bình Minh chạy trốn tụi mình, thôi thì hít thở cái không khí trong lành cũng được mà đúng không? Đây, đây là đoạn thiết kiệm chi phí nhất nè. Ăn sáng kết hợp ăn trưa, cũng tại nhà bè sang Côn Đảo. Do lần này ăn xong rồi ra sân bay về luôn, nên ăn sang xỉn tí cũng không sao. Cá mú đỏ làm gì ta? Nấu lẩu rồi hấp Hồng Kông chứ làm gì? Rồi lại tôm mũ ni, mực nang hấp, rồi rong nho, mì xào hải sản. Đúng là hải sản tươi có khác nha, ăn rất là ngọt thịt. Bàn ăn này có giá 3,5 triệu, theo mọi người là đắt hay rẻ. Về khách sạn Bay A, trả phòng mình được xe khách sạn đưa ra sân bay. Đi gần tới sân bay mình có ghé viếng miếu cậu hay còn gọi là miếu hoàng tử cải con của Thứ Phi Phi Yến và vua Gia Long tạm biệt con đảo và hẹn lại một ngày gần nhất nha bye bye",https://www.tiktok.com/@7201903893503116294/video/7310517399583804673,hành trình đi con đảo 3 ngày 2 đêm siêu rẻ của tụi mình sẽ như thế nào chào mừng mọi người đến với kênh địa chỉ ăn uống thật sự thì chuyến đi này là một sự ngậu hứng mọi người à 3 anh em tụi mình địa chỉ ăn uống quang học đường lulu review lịch trình tụi mình luôn bận rộn nhưng khi nói tới đi chơi thì đó đó cái nết hàm chơi khó bỏ mà nó đi chơi vậy thôi nhưng lần này là tụi mình đi viếng cô xấu sau đó kết hợp một số điểm tham quan ở con đảo mà cũng may là đạt được vé máy bay và khách sạn giá rẻ nên cũng tiết kiệm được khá là nhiều chi phí và đây là lịch trình địa chỉ tham quan cũng như chi phí ăn uống của mình 3 ngày 2 đêm ở côn đảo nha vé máy bay khứa hồi 2 triệu 2 khách sạn 2 đêm 1 triệu 7 thuê xe máy 450 ngàn đồ lễ viếng cô sáu 2 triệu tua tắm biển lặn ngắm san hô tại hoàng tài và hoàng bảy cạnh bên cạnh đó có chương trình thả rùa con về biển là 750 000 vế tham quan một số điểm tại con đảo ăn uống phủ phê tại con đảo tổng chi phí của cá nhân mình là 8 225 000 đồng rồi bây giờ đi chi tiết vào lịch trình nha đầu tiên mình đặt vé hãng bay bamboo airways khứ hồi là 2 2 triệu giá vé bay khá rẻ nha tới sân bay con đảo mình được khách sạn mayar đưa xe ra tầng sân bay đón wow giá phòng 850 000 có cả buffet mà còn được đưa rước sân bay 2 chiều khá là rẻ đúng không các bạn điều đặc biệt khách sạn còn có cho thơ xe máy nữa rất là tiện nha với maya mình thấy phòng ốc khá là sạch sẽ có mini bar tv ấm đun siêu tốc đầy đủ hết hôm mình đi thấy có rất là nhiều khách check in tại khách sạn maya nha sau khi nhận phòng tụi mình lấy xe máy ra tìm bún riêu và hải khiêm để lắp đầy chiếc bụng đói tiệm bà hai bán ngon mà chất lượng lắm mọi người nên ghé thử nha xong tụi mình về lại phòng nghỉ ngơi sau đó di chuyển ra nghĩa trang hàng dương đây là 2 bộ đồ lễ viến do chị úc bên tiệm đồ lễ an nhiên viến cô sáu và các anh hùng liệt sĩ chuẩn bị giúp mình đã từng viến cô sáu nhưng đây là lần đầu mình được tư vấn và chuẩn bị chỉnh chu nhất tư cách viến khóng làm sao để giữ lại lọc tài và đồ lễ cũng được tiệm cho nhân viên mang đến tận nơi viến giúp mình đầu tiên mình di chuyển dân lễ cho các anh hùng liệt sĩ những người đã hy sinh thầm lặng cho đất nước sau đó mình dân lễ và cầu nguyện thành tâm nhất những điều mình mong muốn trước hương linh cô sáu sau khi viến xong bạn nhớ hóa vàng mã và giữ lại lọc mà cô sáu ban nha sau khi viến cô sáu xong mình làm cameraman cho thằng em ngoan học đường nè đây là trường trung học cơ sở lê hồng phong vừa thấy idol tụi nhỏ nhận ra ngay ngưỡng mộ thằng em mình ghê mà đã tới con đảo thì phải ăn hải sản đúng không đây là bè sang đây là trường trung học cơ sở lê hồng phong vừa thấy idol tụi nhỏ nhận ra ngay ngưỡng mộ hàng em mình ghê mà đã tới công đảo thì phải ăn hải sản đúng không đây là bè sang từ khách sạn tụi mình di chuyển 14km ra tới cảng vì có liên hệ trước nên nhà hàng cho tàu ra đón nè trời ơi mê nha từ các loại cá mú mũ ni mú đỏ gẹ mực ốc giác đều cả hết đây là bàn ăn của nhóm mình tối hôm nay đây đầy đủ các loại tôm mực cá từ lẩu cho đến xào ngon lắm nha 4 đứa mà chi phí mất 2 triệu 2 à sáng ngày 2 ở côn đảo tụi mình ăn buffet sáng ở khách sạn maya sau đó di chuyển ra tàu để đến hòn bảy cạnh mọi hoạt động trên hòn tài hòn bảy cạnh chi phí cano là ngắm sang hô thả rùa về biển là 750 ngàn tụi mình đăng ký bên nhà tour đen quang nha ở đây mình được hòa mình vào thiên nhiên một cánh rừng ngập mặn siêu dễ thương đặc biệt nơi đây có rất nhiều cá thể rùa sinh đẻ tại đây chỗ này là nơi các cán bộ kiểm lâm ấp trứng rùa nè đây khúc này là mình thích nhất nè thả rùa về biển một cảm giác rất tự hào lần lần khó tả bạn nhớ di chuyển nhanh nha vì sau 8 giờ các cán bộ kiểm lâm sẽ không cho thả rùa nữa đâu vì nghe nói là sợ ánh nắng gắt sẽ làm hỏng mắt của các rùa con sau khi thả rùa về biển tụi mình di chuyển qua hoàng tài làng ngắm sang hồ trời ơi là nước trong xanh ở đây thật tuyệt vời làm sao tạm biệt hoàng tài tụi mình về với đảo lớn đây trưa thì tụi mình ăn cơm nưu tại quán cơm ba miệt rau rừng xào mực kho chua ngọt canh cải thịt bào thịt kho tộ và cả cá bóp kho tộ nữa tổng cộng là 1 1 triệu cho 4 đứa quá rẻ phải không nè quán không nấu sẵn có hội khẩu vị trước khi nấu nên ok lắm mọi người có thể thử nha chiều thì tụi mình tham quan nhà tù công đảo nơi đây là nơi giam cầm các nhà cách mạng yêu nước mình lướt qua nha vì không muốn gợi nhớ lại cảm giác đau thương và đây là dinh chúa đảo đây chính là nơi ở và làm việc của các vị chúa đảo ngày trước những người đứng đầu trong bộ máy cai trị tại công đảo vết tham quan là 50 000 đồng bao gồm bảo tàng công đảo din dinh chúa đảo và nhà tù công đảo chiều ngày 2 tụi mình dạo một vòng công đảo ngắm hoàng hôn trời ơi ở đây góc nào góc nấy đều có thể sống ảo được hết nha đây là kem dừa công đảo món kem mà lulu review ghiền lắm ăn tặng 5 trái kem dừa mà mình cũng nghiện mà mê lắm buổi tối ngày 2 tụi mình ăn nhẹ thôi đứa thì cháo mực đứa thì phở bò rồi lại mì hải sản bánh canh cua những ngày ở công đảo thật là thích vì không gian ở đây êm đềm không sâu bồ như cái quán cà phê này nè rất nhiều góc sóng ảo luôn mà tin được không giá đứt chỉ từ 25 000 một ly thôi mà tiếc là mình quên mất cái địa chỉ để khi nào nhớ thì mình comment ở bên dưới clip nha và đây là ngày 3 dậy sớm ngắm bình minh cơ mà bình minh chạy trốn tụi mình thôi thì hít thở cái không khí trong lành cũng được mà đúng không đây đây là đoạn thiết kiệm chi phí nhất nè ăn sáng kết hợp ăn trưa cũng tại nhà bè sang côn đảo do lần này ăn xong rồi ra sân bay về luôn nên ăn sang xỉn tí cũng không sao cá mú đỏ làm gì ta nấu lẩu rồi hấp hồng kông chứ làm gì rồi lại tôm mũ ni mực nang hấp rồi rong nho mì xào hải sản đúng là hải sản tươi có khác nha ăn rất là ngọt thịt bàn ăn này có giá 3 5 triệu theo mọi người là đắt hay rẻ về khách sạn bay a trả phòng mình được xe khách sạn đưa ra sân bay đi gần tới sân bay mình có ghé viếng miếu cậu hay còn gọi là miếu hoàng tử cải con của thứ phi phi yến và vua gia long tạm biệt con đảo và hẹn lại một ngày gần nhất nha bye bye,"['gà', 'phở bò', 'kem', 'tôm', 'heo', 'bún riêu', 'thịt bàn', 'cá', 'bún', 'thịt', 'canh cải thịt', 'kem dừa', 'lẩu', 'rau', 'ốc', 'cơm', 'rau rừng', 'cháo mực đứa', 'cà phê', 'thịt kho tộ', 'tôm mũ', 'bò']",['nhà bè'],['bán ngon mà']
