author_id,video_id,video_transcription
6573106305933475841,7332428099545566482,chỉ vì thương hoàn cảnh đặc biệt của các bạn nhân viên mà cái quán lẩu bò này sẽ bán xuyên tết các bạn nói là hoàn cảnh gia đình em là em phải ở lại nghe thấy thương một người hoa mà Tình hình là 500.000 Lý Chính Thắng Quận 3 siêu ngon rau thì ăn thỏa thích nước chấm thì khỏi nhưng đi đặc biệt là cái sốt chua cay đó mọi người nó đỉnh dữ lắm bò thì tươi rói đặc biệt là gần với lại bò viên nó ngon dã man rồi nước lẩu thì vấn đề comment mọi người hai loại là nhất phẩm hành hương với lại Chua Cay miễn phí một loại thì cây một loại thịt chua nhẹ đặc biệt là cả hai loại đều thơm vẫn là hơi bị mê cái bò viên ở đây Bởi vì nó có thêm cái phần gân gai bán Tết chưa chắc là sẽ có khách nữa nguyên liệu tăm trong nhiều cái nó tăng nhưng mà bán nhiều khi mình có thêm một người khách mới hoặc là với lại lợi ích xíu cũng được có khách thì được ăn còn được bóc bao lì xì nữa auto trúng luôn sẽ là những món ngon của quán Vẫn Mong là mọi người sẽ ủng hộ quá Ngon cũng như là ủng hộ những cái sự cố gắng dễ thương của những bạn nhân viên này
6573106305933475841,7332766658257341703,"rửa chén cảm giác mới nhất cái đầu nhìn cái đốm trắng xác thực sự luôn á Nhưng mà yên tâm mấy cô nhà mình rửa chuyên nghiệp dữ lắm sau tiền thì sẽ giành hẳn một ngày để rửa chén và ly các kiểu còn phải phơi nắng nữa chứ không là nó bị ẩm có Ai thắc mắc là gần 200,24 sau đám cưới sẽ ra sao không chủ tiền người ta bỏ hết không có mang gì về hết đó Mọi người mấy cô nhà Vĩnh Mai Hoa"
6573106305933475841,7333145341157575943,BiBi TV đoạt Giang
6573106305933475841,7333474975778671879,30 tết cùng vẫn đi ra biển ăn hải sản tươi sống để ngày hôm nay và sẽ giới thiệu cho mọi người một cái bãi biển siêu đẹp kế bên nhà vẫn luôn nha ở đây là biển Chu mê hay còn gọi là sa huỳnh thuộc địa phận Quảng Ngãi nhưng mà cách nhà vẫn đâu có 10 cây hải sản tươi sống bao tươi luôn Ăn cái này thì cứ chỉ người ta sẽ chế biến công nhận là mỗi lần lượt về quê thì không khí mọi thứ được dễ chịu hơn rất là nhiều đi biển mùa này nắng đẹp phải là sạch sẽ với lớp mọi người nên order sương sương vài món mực cơm chiên mắm ốc gần hấp sả con này gọi là nghêu Hai còi đúng không mọi người rồi nhưng chiên trứng với lại thêm một dĩa ốc hương rang muối là đủ Chỉ là đi ăn ốc thôi mà cái Vision cỡ này thấy đã mọi người mới có Nhung chiên trứng thì nó ngon dã man luôn đó mọi người nó tươi nó ngọt ăn kèm bánh tráng là bao nhiêu con ốc này lần đầu tiên vẫn ăn nè nó có tên là óc người khí hậu nó sẽ hơi đắng đắng nhẫn nhẫn một chút xíu làm gì làm về biển thì cứ hải sản tươi mà quất mà phải công nhận là ăn tươi nó khác bọt hẳn luôn mà phải công nhận là cái bãi biển này nó quá đẹp luôn á chỉ mong là nó sẽ được mọi người biết tới nhiều hơn
6573106305933475841,7333651348073876754,người ta sẽ ngắm pháo hoa cùng nhau chiến thắng thương phía bên kia dòng sông và lời chúc ấm êm dịu nhau là sẽ thành đôi sau vài tháng
6573106305933475841,7334633899194092808,về quê đi ăn hải sản trên bè toàn là hải sản tươi sống thôi à ngon dữ lắm rồi đi leo núi để khám phá ra thêm một cái bãi biển mới siêu đẹp luôn bạn nào mà đam mê xê dịch thì nhớ lưu lại clip này của Vịnh Nha đảm bảo là trải nghiệm này hay và thú vị giữa tầm ba cái bè nổi như này nè Nằm ở Hoài Thanh đó mọi người đồ ăn ngon tôi mà kêu còn đẹp nữa dĩa này có tên là da cá trộn da cá giòn rụm luôn trộn Thắm thơm và đậm đà dữ lắm Còn cái này là mực hấp tôi là ở quê nhưng mà lần đầu tiên phải được ăn món này món này có tên là gỏi cá cơm trấu như là ăn Sashimi vậy đó nhưng mà sẽ có thêm nước chấm riêng Còn cái này là cái gì nướng nè ta nói cái nó tươi á là chỉ cần nướng mọi thôi chấm muối ớt là ăn đủ ngon rồi Cái gần hồi Hải ở quê vẫn đó mọi người nó đẹp đến mê hồn luôn cái chỗ này hình như là bạn con để có những cái thước phim đẹp là phải leo núi như này nè nói là leo núi nghe ghê vậy thôi Chứ thật ra dễ đi lắm mọi người do đó có đường mòn giờ thì làm leo núi ngắm cảnh đã gì đâu luôn á Bình Định chỗ tôi có biển quá đẹp quá đẹp lắm mọi người người biển đồi núi siêu đẹp luôn Nếu mà có dịp đi Bình Định Mọi người nhớ đi gần hội Hải Nha mọi người và các bãi biển này mới quá vẫn chưa có biết tên mong là nét đẹp hoang sơ này sẽ được gìn giữ đây làm du lịch nhưng mà sẽ được khai thác đúng cách đố loài người thế nào là cái gì
6573106305933475841,7334980159809932562,thang máy nhà mình trang trọng lượng tối đa 300 kg có hai nút up đi lên vào đi xuống khuyến cáo chở hàng không có trả lời có thanh Chắn bảo hộ luôn nha đó cứ ra rồi mình đóng lại là xong rồi làm gì làm lâu lâu với bảo trì cái dây này nè quan trọng lắm á xài xong rồi nhớ tiếp đất
6573106305933475841,7335376215332687111,nấu mì cay Nhà có cái gì nấu cái đó cậu ơi cái này cải non Nha ăn đã đầu luôn đó Google
6573106305933475841,7335801657126653202,hôm Chợt Thấy Em đi về bên kia Phố Trong lòng bỗng vui như đời rất lạ tôi tìm thấy tôi theo từng xót xa làm lời lá bay trên đường đi tôi tìm thấy tôi như giọt nắng kia là em không Chút mối cho em nhà
6573106305933475841,7335811587783068946,
6573106305933475841,7336193264518794504,Nhắm mắt thấy voi Nhìn cái nồi ốc mà người thấy mê không để ngày hôm nay vẫn dắt mọi người đi buồng sơn cháy phố sầm sẵn rồi có gì mình phút tour luôn ha có mấy tiếng đồng hồ à mà vẫn ăn được quá trời món luôn đầu tiên lão cái nồi này là ốc xào sả ớt sẽ có ốc bươu và ốc đinh một đĩa như này có hai chục ngàn rẻ mọi người không biết ở chỗ mọi người sao chứ quê vẫn bằng ốc thì nhất định phải có xoài phải làm bánh tráng ăn kèm ngon ghê lắm người ta hay kêu là nhạc như nước ốc nhưng mà không nha ốc quê vẫn đậm đà và thơm phức luôn câu đó là con ốc Đinh nè hay còn gọi là ốc hút bởi vì phải hút thì nó mới ra khởi động nhẹ nhàng vậy thôi tiếp theo thì tụi mình sẽ ăn bún ốc vẫn thấy nó giống gần như là bún riêu của Sài Gòn vậy đó mọi người mà tin được không một cái tôi tất Bình đầy đủ như vậy mà có 24 ngàn về quê và thứ rẻ nhất tưởng chừng xong rồi dừng lại nhưng mà không nha đá thêm ly chè chuông gió nên 25.000 shop nữa thì mình cháy phố cái này là 40.000đ nửa tiếng cái này là xe điện đó mọi người nằm ngay quảng trường luôn đảm bảo là bao nhiêu Bao trái thì em có ra làm sao là sao 30 phút đi xe điện là tụi mình đói bụng lại liền sau đó thì sẽ đi ăn vặt 4 khoai mỡ ăn ngon lắm hả mọi người thấy quá trời người mua luôn Cái này là người ta đang tự làm bún đi bán bún tôm có 15.000đ 1 tô mà tôm tươi luôn nha mọi người nó đơn giản nhưng mà ăn ngon dữ lắm nhớ cho muối ớt Nhìn mấy đứa nó ăn hết tô là biết đồ ăn buồng Sơn định cỡ nào đúng không
6573106305933475841,7336493972065471762,nhà mình cầu rất nhiều ghế 1000 cái bàn hơn 100 cái thùng đựng tiền cưới bốn cái cái đầu tiên hành lý tình yêu ngôi nhà hạnh phúc là khi anh hạnh phúc khi có bên cạnh anh một nụ cười thùng thứ ba trái tim có bốn cái bánh xe trái tim đi tìm tình yêu 4 công nghiệp sau đó 24 cái cho hai lần quạt treo tường ta đã 40 cái chưa hài lòng cửa kính hai lầu hai chục cái luôn được thăng bằng cái nhỏ gương lớn đựng đủ khăn quàng khăn ghế của cái nhà này luôn Mọi người hay nói là nhạc vẫn chỉ có một cái thang máy hay là cái tờ thôi nhưng mà không Nhà tôi có ba cái thang bộ nữa cầu thang 1 2 3 tính cái thằng này luôn không 4 màn hình led hai cái hai cái Birthday bánh kem giả hai cái cái này là 1 Còn đây là cái bánh kem dễ Thứ Hai bán gấp chụp hình đâu đó 8 tới 10 cái lận đó nhiều dữ lắm đây này hoa trang trí sân khấu 1A hải sản
6573106305933475841,7336576704506383623,review các dòng xe học sinh cấp 3 đang đi clip này bất đắc dĩ mấy đứa đi coi văn nghệ ở trường đối diện với mọi người xong để xe bên này bây giờ không dắt xe ra đi ăn được nên bây giờ là quay clip review phim mà tôi thu 2000 một chiếc thôi là tôi giàu đây clip xe điện nha tiếp tục là xe điện cúp đẹp lắm luôn á mày ngu Tao muốn chiếc cúp đẹp đẹp không à Tao đang hát đúng không SH Mode đúng không chiếc cúp này của đứa nào dễ thương quá vậy Trời ơi cái này đẹp quá trời ơi Mấy đứa đi cướp nhiều lắm nha mọi người ở ngoài Bình Định mấy đứa nhỏ đi cướp nhiều lắm phải không Cái này là cái gì không biết mà đẹp Exciter trên phố xe đạp Tôi thích chiếc này dã man luôn Mọi người tôi mê chiếc AB hồi nhỏ mà lúc mà kiểu chưa đổi xe là tôi mê với AB lắm nhưng mà bây giờ có sau khi có điều kiện thì tôi đổi SH Mode Vision Sirius chiếc này là Attila Cup cream này đẹp nha quý vị cái màu này hay quá vậy màu này màu trà sữa nè Mình thấy xe Cub khá là nhiều xe Cub nhiều nha một loại xe Cub hay là xe điện ba là AB là một người đi nhiều và Chút nữa về mỗi đứa gửi anh 5000 nha tiền an ủi tranh Đói bụng quá mà không biết dắt xe ra đi ăn được giải quyết mấy đứa còn mọi người mọi người đang đi xe gì
6573106305933475841,7336890565331668231,nhà mình cầu quá trời nhiều luôn á theo gõ cửa ra sao nào cũng có luôn rất là nhiều kéo 1A là bán giao Nhưng mấy đứa Trời ơi Ai cần giao dịch là có nhau đó đây cái vòng nhỏ nhỏ Dùng để tỉa mấy cái đồ trang trí như là bông cà chua bông cà rốt bông bông củ cải trắng Nói chung là ở nhà hàng ai mà chỉ mong nhiều là ai xài cái cái cái gia lai giống hai lưỡi có nhiều size 2022 một núi luôn
6573106305933475841,7336955831918873874,học sinh cấp 3 thường niên sơ cấp màu gì Câu chuyện hôm qua đêm văn nghệ nhưng mà hôm nào đêm thứ hai xe quá trời nhiều luôn bây giờ thèm chè nhưng mà vẫn không dắt xe ra đi ăn chè được thì bây giờ mình xin phép được review những cái màu xe mà mọi người hay chọn để đi học cấp 3 Nha cúp 50 cúp 50 luôn mèo trắng full trắng luôn là màu màu vàng đồng Còn cái này là màu hơi xám xám đen trắng bé lại đi mình chúc đóng dùm anh hai ngàn rưỡi thôi đi giảm giá không ế không có đâu có cặp giảm giá chiếc Đây là màu xanh đậm với lại màu trắng xanh da trời hai nón Trúc năm 2009 màu xanh nha quý vị thân mà kiểu xanh dương màu xanh đậm màu này cũng đẹp nha quý vị mà mất tiêu luôn cũng đẹp đó chiếc này không phải mới Trời ơi Chịu nổi không Nó còn liên minh nha quý vị Chắc chắn là chủ cái xe này là con gái nào bắt quả tang cái xe Cub đây nha màu xanh nhưng mà có nón bảo hiểm chỉ là màu xám xanh nha chiếc này cứng cái này là phù hợp hay là mấy bạn nam thì có nên màu đỏ hỏi chủ chiếc xe này là không có tinh thần bảo vệ sức khỏe chút bây giờ đóng dùm anh 15.000 tiền gửi xe nha tôi rất là thích với mèo đây nha Cái này Đẹp vãi cái màu này là mèo mèo Min mà kiểu nó hơi bắt heo nữa đẹp siêu đẹp thu tiền giữ xe không phải thu 5000 thì bữa nay lên giá rồi bữa nay chung kết mà lên giá mày đặt thu tiền xong người ta đóng tiền xong cái vị quá đóng cửa vô đi Vô đi vô
6573106305933475841,7337272676517514514,thiết Bình Định khí hậu chỗ tôi nổ đi vô Sài Gòn hết rồi mà tôi còn ở nhà nấu là người ta bàn chải giặt đồ bàn chải đánh răng không Chỗ tôi là bóp chặt đồ bóp đánh răng máy tính đâu đúng không có nghĩa là mày lừa người ta hả mắc kẹt xe rồi không Bình Định mình sẽ làm siro mà cái dao cho nó biến không Mình đừng có kêu là mày có giao cho nó bán thử thấy mùi gì không Mà mấy đứa không có bồ đây Cái này gọi là cái Thảo nha là cái hũ đựng gia vị màu này màu gì màu nâu đúng không Không quên vẫn kêu là màu đà những vật dụng có chữ a đa phần sẽ đổi thành chữ y máy xay mé xe mì cay mì cay nước mắm nước mắm chữ o cho đa phần cho hình chóp nồi thành nào Khuya rồi Khuya rồi
6573106305933475841,7337689449502887176,siêu nhân nhện mệt quá tình yêu 801 quá nó như một con trâu Hình như đa phần bên thấy nhà ai cũng có một chiếc xe gì đúng không đây xin giới thiệu Cô Ba tôi Dream chiếc này là từ năm 1994 nha mọi người siêu xe của mẹ tôi mà chỉ có mẹ tôi đi được thôi chứ mẹ tôi với em tôi đi đường cho ba tôi với tôi là kiểu con trai mà đi chiếc này là hơi bị bị yếu đi chở hàng đầu vô cái này siêu tiện luôn Mọi người đa phần là nhà hàng tiệc cưới nào cũng sẽ có những chiếc xe như này để vận chuyển hàng từ ngoài sân Vào trong bếp cho cảm giác là nó tiện và mình có hàng xong cái mình bỏ ra đây mình đẩy đi nó nhẹ nhàng hơn là cái việc là mình phải sắp từng món vô rất là nhiều mất sức tiện lắm nha xe này cũng chở hàng luôn nhưng mà xe này đa phần là xe chở mấy cái này nặng chút xíu ví dụ như là bàn ghế bia rồi các kiểu Á Bởi vì nó làm bằng sắt thì nó sẽ chắc chắn hơn nhiều cái suy ra tôi cũng không biết làm cái gì nữa cảm giác như là nó sẽ hợp lý khi mà chở bia bởi vì cái thùng bia thì sẽ chất một lần Chắc là sẽ tầm 10 thùng thứ hai trong thùng mực thùng 20 thùng hơi lớn 10 thùng là tới đây đúng không xong rồi cái thùng bia nó ở đây nè Cái chồng pin nó đây nó thẳng lên cái mình đẩy đi mình để nguyên thùng bia các kiểu đi luôn đó mọi người thấy không thùng bia nè có 6 chiếc loại nhỏ loại chung nè loại to tới đây Tao mệt quá Tao mệt quá tụi bay Tao mệt quá hay là chiếc xe hơi nhà mình là xe hơi của ba mình chiếc này mua cũng khá là lâu rồi mọi người mua từ lúc mà vẫn còn ở quê là tệ gì nó cũng phải 10 đến 15 năm là ít
6573106305933475841,7338341082683559186,chưa biết gì chưa Nhà tôi bữa nay có tiệc Đồng Nai bữa nay chắc mẹ sẽ có quýt ẩu táo xoài 41 thăng bằng là mới mua nha ở Quy Nhơn màu xanh luôn đẹp lắm mà tôi đang đi lấy heo quay heo quay 6 từ Quy Nhơn về mọi người Cái này là khách hàng giờ đặt dùm với mọi người heo quay này là 600 nghìn một kg mới giao tới luôn á Cái gì cho ở quê thì hải sản tươi sống đầy luôn đó nhìn tôm là đã không còn đây là cá muốn thấy tiệc nào đa phần người ta cũng thích gà hấp ha muối ớt đỏ này dùng để chấm tôm còn chấm gà hấp thì sử dụng muối ớt xanh trời ơi cái gì Chết mẹ vẫn làm muối ớt đỉnh đó mọi người bí quyết thì vẫn thấy cũng đơn giản lá chanh bỏ đi phần gân còn trên thì nhớ gần hết cái phần vỏ nha Còn mắm gừng mà muốn ngon thì xay gừng và bỏ bớt nước để tạo màu cho cái chén mắm thì phải luộc ớt bự lên và bỏ cái phần vỏ luôn cái ớt mà Luộc lên rồi thì cái màu mắm của mọi người đẹp dữ lắm tiệc bữa nay thì có cả súp cua nữa trong này có Chả tôm nữa nha mọi người nấu Nguyên nồi múc ra dư nguyên tố luôn cái này sẽ thuộc về cô luôn đây là lẩu cá mú nấu lá giang nè Còn đây là mực hấp nước dừa lúc nào sẽ Bưng lên nguyên một con đó mọi người nhưng mà bạn nào ngại sẽ thì sẽ nhờ bếp sẽ giờ Cái đó là trái cây tráng miệng còn mấy cái hộp xoài này thì là cố vấn nào của tui con má mày con chuột ngồi ăn với lại quay clip Thì ngày hôm nay tôi khá là bận rộn với lịch trình làm hoạt động viên Đời Công Nhân Bất công đêm đêm vẫn còn khóc trong lòng vì lòng tin học sinh họ cũng vẫn chơi con triền miên tiền mồ hôi kiếm ra Ôi sao nghiệt ngã ba mẹ à chẳng hề đơn giản như đưa tay xin gió tiếng mẹ cha mẹ ơi con nhớ quê Xuân đây rất muốn quay trở lại sống tuyệt vời thì mẹ tôi sẽ gom đồ lại cho mấy cô mang về mỗi người một việc cho nó nhanh Còn riêng tôi thì cái nào có tiền thì sẽ có tôi viết hóa đơn rồi đi lụm loa ngoài đó Cái đóng loa này bán được nhiêu tiền đó mọi người không biết chỗ khác làm sao cho nhà vẫn sử dụng như này nè ly thì sẽ up theo li khăn bàn thì sẽ gom hết lại kể cả rác xong rồi mang ra đằng sau vũ xong rồi mang đi giặt liền chứ không có tao dán lên tới đâu cô luôn rồi Tới đó ảnh hưởng trong lúc vui chơi quá đà thì mọi người đã bớt mong nên là xong tiền một cái phải kiếm cái chỗ cũ lại gắn vô liền Vậy là xong tiền rồi đó mọi người đồ ăn thì sẽ chia đều cho mấy cô mang về nhà ăn cái này là có sự đồng ý của mấy cô rồi mới đưa ra cho họ ép đâu á
6573106305933475841,7338752364079238418,Trời ơi mấy đứa mà nhanh ghê luôn á Bữa nay là ngày cuối cùng mình đã tham quan rồi nhắc mọi người đi phút tôi tham quan cái nữa rồi mai phải bay vô Sài Gòn Nha làm gì làm về quê là cái ăn bánh tráng nướng mắm nhìn đơn giản vậy thôi chứ nó không chỉ là dính dã man luôn á mà cho mình nói tiếng bình thường nha mọi người để giới thiệu đồ ăn tham quan cho nhiều người biết với lại dễ hiểu hơn đối diện cái tiệm bánh tráng nướng luôn là vợ của Tùng Vinh ăn thấy khá là ổn cô tụng thì sẽ chuyên Phở và má đầu nha Một tôi như là hình như có 25.000 à mà phải công nhận là về quê ăn cái gì cũng rẻ Cái này là bánh bèo chén nha mọi người chán như này là 2000 sẽ ăn cùng với lại nước nhân với lại nước mắm như này nè Vĩnh An 569 là ước lượng rồi rồi nhớ ghé qua miếu để ăn bánh xèo vỏ Bún vịt đó nha nằm ngay ngã tư chợ Tam Quan luôn á Về quê có tranh thủ ăn bún mì Chị ở trong Sài Gòn không có có bánh cuốn là một cái món mà Đúng kiểu là ngày nào cũng ăn cũng được về quê có 7000 một cây à ở trong Sài Gòn thì tới 15 tới 20 lận nên ăn không có đã ăn chung với lại bún đậu là dính cứng ngắc luôn nhớ là đừng có bỏ qua cho ông già Trời ơi cái bánh lăng nó thơm nó mịn nó béo gì đâu luôn á Chưa kể là yaourt chấm muối nào Ăn dính dã man nên me óc thì ghé qua ốc hoa giấy không thì ốc nghêu chợ cũng được đâu 4 giây bánh bèo nhỏ cái này là vẫn đang ở chợ An đó Có 5.000đ à mọi người năm nay ăn tết thì sao trên đỉnh thì vui lắm đó Bởi vì quay được quê hương của mình giới thiệu cho nhiều người biết hơn thôi thì vấn đề nha Hẹn gặp lại Bình Định
6573106305933475841,7338780573961407762,
6573106305933475841,7339024248373054727,
6573106305933475841,7339127250379410695,đầu tiên đi chợ Lái Tây Ninh có gì nhà máy có không gian con gì không cho con đi nhận thêm con trai không Cô hết hả cô đóng rồi 9:00 cô ạ 9:00 Hôm qua con không coi 1 giờ nhưng mà đổi lại là 9 giờ bánh tráng trộn nước sâm bài gian hàng bánh tráng trộn nước mắm bò tơ Tây Ninh Út Thạnh còn quá trời luôn nhưng mà trong thùng rác nước mía hết luôn hết trơn rồi Con Từ Sài Gòn xuống cô ạ đóng cửa hết trơn giờ con còn được bánh xèo con xin ăn bánh xèo lấy Lộc bộ đầu xuống Google ngu nhất một món bánh xèo còn ăn đỡ lấy chồng Lộc cuối cùng giờ láng từ Sài Gòn bay xuống còn nguyên luôn ở Sài Gòn mấy tiếng đi từ 11:15 bắt đầu xe chạy mà về tới đây tới 2 giờ cảm ơn cô chú và giữ sức khỏe người dân Tây Ninh người ta dễ thương dã man luôn á Có nghĩa là người Sài Gòn xuống đây rất là nhiều trong khi mọi người bị bị lộn lịch đó xong cái nhà dân người ta rất là rất là kiểu hiếu khách Người ta rủ vô nhà ngồi rồi này nọ dễ thương dã man luôn đó mọi người hồi nãy giờ gặp mấy cô chú hai con dễ thương hết đó nên là đi xa chút xíu cũng không có ăn cũng cũng đỡ mọi người dân Tây Ninh dễ thương quá xin cái gì là xin cái gì là chó đó hồi nãy đi chợ lá là kêu vô nhà chơi luôn giờ là mình xin xoài cho mọi người
6573106305933475841,7339850111121362184,Bà ngoại tôi là sớm Năm nay 85 tuổi rồi nhà thì bự nhất khu luôn bán chuối chiên với lại khoai nhưng mà không quan tâm bán được bao nhiêu đâu có người nói chuyện là loại vui rồi không mua cũng được mà có người nói chuyện à Dạ có người mua mình kiêng nhiều nhiều chút cũng có vậy đó nhà tôi làm bể bự nhất để làm sao nhà có hai tấm tôn thật lắm chứ không cho bà giàu đâu bán trứng chiên rồi tới co giờ muốn biết Quảng Châu Bà hoài cái gì cho gạo cho mày đó là đáng lẽ tuổi này khoe ở nhà Bình Phước Nè có bữa nào con nói chuyện xin chúa Bà Ngoại cho con ăn được không được rồi Không có gì hết chấp nhận hết từng người bạn mới vui hơn ở nhà Nằm hoài trên đường lắm Trường ơi nằm đã luôn Ngồi dậy khóc thôi chứ không có gì nhớ ông ông đi thì nhớ ông đi được bao nhiêu năm rồi mà không đi năm nay 45 tuổi rồi Nó đang bệnh gì không Không có bệnh gì hết Có bệnh ăn đu đủ sức khỏe gia đình lao động cho nó đỡ mệt cho người mình không có gì hết có bữa ăn không rửa chén chưa ngồi bán chuối chiên 6000 một miếng còn khoai từ 6000 một lạng hồi nãy vẫn than hết tiền bà ngoại bán rẻ cho vẫn luôn có 20.000đ mà có khoai với lại chuối luôn là ăn chuối là 6.000đ một miếng còn hoa là sao bà ngoại 100 mạng
6573106305933475841,7339889821671902482,I Remember the Day your birthday to you know
6573106305933475841,7340205070019071250,có gì bên trong rồi có gì bên trong thì bạn hát đó nha you Mama nhốt con gấu trúc quận 4
6573106305933475841,7340552962424442130,có gì bên trong tiệm bánh hot dog có gì bên trong tiệm bánh hot dog hot nhất quận 4 năm 2000 là cái bánh có 1.500 2000 thôi mà tới bây giờ là 2 năm nay là năm thứ 24 nè mà bây giờ cái bánh cao nhất là 11000 giá lúc nào cũng bánh Nóng chị làm một buổi trưa gì thì chị bán lai ra chị làm đủ bán coi chiều thì tầm 3 giờ trở lên chị mới làm việc chút xíu là chị phụng dưỡng cho học sinh thập cẩm liên khúc nữa nè tay chân có bầu nó mịn luôn cái đồng tiền bát gạo đủ đầy hết nha Có nghĩa là cả đều hết bánh gạo cay là kiếm hơn là nó ngon hơn mức thơm trong vừa tắt luôn á thập cẩm phô mai thơm là ba vị nên thử nhé nhất định phải thử
6573106305933475841,7340972157242969351,ở Tân Phú không biết làm người thử có tiệm bánh ngọt này chưa Đang mua 2 tặng 1 nên mới đông dã man bánh từ từ 10.000 cây tới 35000 là có để ăn rồi cầu kỳ thì 4050 thì đa dạng dữ lắm từ mạng cho tới ngọt từ những cái món cũ cho tới những cái móng chuyên đề số kem khoai môn 30.000 Custom ba cái 30.000 luôn đi 10 còn bông lan trứng muối và ba loại sốt sẽ là 45 + 45 thì 5000 một cái bài này của ta sẽ là 25.000 Nói chung là nhiều dữ lắm Tao nói bánh kem và 1A cỏ nơi này mọi người bán nhiều loại dữ lắm nhưng mà thôi để mình mua ăn rồi comment cho mọi người vài món mà vẫn thấy ngon nha đầu tiên là cái bông Lan Bốn vị này tiếp theo là cái mua chanh dây này nè Nó bệnh mà nó thơm dữ lắm không có bị quá ngọt đâu mọi người cái mứt chanh dây ăn một phát là nó phét lên tới ốc su kem trái cây bốn vị này cũng ổn định nha su kem khoai môn cái này lần đầu tiên mình thấy luôn á Nhưng mà thật ra nó cũng không khác bánh su bình thường còn nếu mà không thích ăn kem thì có thể thử cái Phô Mai Thượng Hải này nè 30.000đ Hai cái còn nếu mà thích ăn chua chua thì thử Mai vị sữa chua này đi ba cái này ăn chua chua ngọt ngọt cuốn lắm mọi người nói chung là nhiều loại bánh dữ lắm nhưng mà không phải loại nào vẫn ăn thấy cũng hợp đâu Nhìn ngon quá trời nhưng mà ăn thì hơi bình thường bánh cắt tóc này cũng vậy luôn bánh bông lan trứng muối thì ngon nhưng mà cái sốt ở trên hơi mặt với vịn chắc là còn nhiều bánh ngon lắm mà vẫn chưa khám phá ra bạn nào ăn rồi biết thì comment chỉ Vĩnh với tiệm bánh này có tên là cung phu cả hai chi nhánh lận Ai mở Tân Phú thì nhớ thử ha mà bữa nay là ngày cuối mua 2 tặng 1 đó là tranh thủ nha mọi người
6573106305933475841,7341336250172886290,Có bạn nào ở Tây Ninh chụp hình hỏi thăm với mắm chua có phải là đặc sản Tây Ninh không cho nó ngon bá cháy luôn nhìn thì rất là giống mắm cá cơm nhưng mà ăn chua chua cay cay đã cực kỳ luôn em nhận ra không phải nói gì đây ăn cùng sẽ có thịt luộc và rau rừng nước kiểu nó ngon mà chỉ cần chấm với rau thôi cũng đủ để nữa rồi cũng nhờ đi Tây Ninh mà vẫn biết là có món lẩu bánh canh nữa lạ nhất là bánh canh mà có mút ăn cũng nhờ vậy mà cái nước lèo đó Thanh với lại thơm hơn hẳn luôn á Trời ơi tao nói một cái nồi lẩu bánh canh chà bá bự thịt quá trời thịt luôn mà Có 130.000đ à nên là bạn nào mà đi Tây Ninh thì nhớ thử cái quán này nha Cái Quán Này nó hẹn có tên là cây lý kiểu quán ăn miệt vườn đơn giản dễ thương dữ lắm chủ quán Có cho vịt xoài nên là Vịnh kiếm muối tôm tây ninh để mua thì được mọi người chỉ có tiệm Mỹ Lan này giờ thì Vinh hiểu là tại sao nhắc tới Tây Ninh người ta lại nhắc tới muối tôm rồi đó
6573106305933475841,7342090851067317511,đi Quy Nhơn và ăn hải sản ngày xưa rồi bây giờ mình thử óc heo óc bò đi mọi người rẻ dưới lớp một chén có 14 15 ngàn quán đó có tên là 4 thu Nếu hẻm nhưng mà ngon dữ lắm óc heo thì 14 Còn ốc bò thì 15000 ốc heo là kích thước nhỏ như này nè nhưng mà mọi người ăn nhớ lót giấy nha chứ không là bị phỏng đó lúc đầu mình không có hi vọng gì nhiều đâu nhưng mà ngon rất là ngon luôn á mà Cái quan trọng là chế biến sạch sẽ dữ lắm ăn không có bị tanh đâu còn cái chén Ốc bò này là 15.000 rất là sợ người nhà lâu lắm mà ăn nó không bị Mùi đâu ngon một cái món mà tới đây một người nhất định phải thử nữa đó là má heo da giòn 130.000đ mà hai người ăn no cành hông luôn thật nhiều dữ lắm mọi người Cái da bên ngoài thì giòn rụm luôn mà cái nước sốt ngon dữ lắm nha mọi người ta nói Nó thấm nó thơm gì đâu luôn á ăn kèm thêm với làm bánh hỏi với lại xoài mới là đúng bài luôn nhất cái nắp cái gì cái chứ Mình thấy đồ ăn quy
6573106305933475841,7342745063602048263,1 triệu
6573106305933475841,7343283701465369864,tất cả
6573106305933475841,7343478776233331976,bánh kem 8 tháng 3 ông nào hay nhậu đi bánh kem có hình lon bia luôn nè coi chung tình tặng bánh kem cho girl bánh bèo bánh cho máy may than bánh than đá ở ngay quận 3 Ai mà thèm bánh ngọt thì nhớ lưu lại cái tiệm này liền tao nói đa dạng giải men's một cái là cũng đông đen nâu đỏ người đứng mua đặc biệt là bánh kem với lại mấy cái bánh kem đời nha Thái bán chạy dữ luôn chỗ này có tên là tiệm bánh Paris gato nằm ngay đường Nguyễn Đình Chiểu luôn đó mọi người giá thì dao động từ 15 cho tới 40.000 đỉnh nhất là bông lan trứng muối 35.000 Nguyên ổ yên tâm nha không có bị ngọt đâu Tổ Quốc Nguyên ổ này cũng được nữa bánh mì bơ tỏi cho 25 thơm béo hơi mặn mặn nhẹ điểm mạnh của cái quán này là những cái bánh mà có kem nên là mọi người nhớ thử su kem su kem trái cây bánh tét chuối là những cái loại màu caramen như này cũng ổn nha Còn nếu lỡ mà không thích game thì thử bánh phô mai trứng muối sốt phô mai đi Còn riêng cái khoảng bánh kem thì bao đa dạng về mẫu mã cũng có nhiều size và nhiều giá khác nhau nữa 8/3 nên tặng mẹ cái bánh hình hoa này đi không ấy thì cái giỏ xách này cũng được người yêu bạn gái thì sẽ có những cái mẫu siêu bánh bèo luôn Nói chung là ổn định đó mới hướng nội sẽ tặng cái bánh như này nè Nói chung là tiệm bánh nào ổn lắm ở ngay quận 3 nè mọi người luôn là địa chỉ nha
6573106305933475841,7343552714997058823,gà rán Jollibee order bao nhiêu phút có ai bây giờ cảm giác nóng tốt nhất là nên order nha quý vị order về quê ăn tết nó ngon Nó sướng bao nhiêu thì vô Sài Gòn nó khổ nó trở lại bấy nhiêu mẹ vẫn nấu ăn thì định Miễn bàn mạng nhỏ em gái ruột và nó nấu ăn lạ lắm đây nấu cơm trưa nè Nhìn giống cơm chay không mà nó không ngon thì đỡ tức nha tao nói bữa thì cơm nhão bữa thì canh mặn rau muống cho hai người ăn mà nó mua cỡ này cho order nha quý vị order bữa trưa ngày hôm nay và sự order gà rán Jollibee nha nói về Jollibee thì gà rán đỉnh Miễn bàn chưa kể là kết hợp chung với lại kiếm mì Ý nghĩa là combo bất diệt luôn rồi tiện về nhanh Vĩnh order đâu đó tầm 27 phút là có rồi đó mọi người nhìn miếng gà nè mọi người bên ngoài thì giòn rụm bên trong thì mọng nước Chắc chắn là cho tivi sẽ có một cái bí quyết vàng rộng dây chuyền gì đó không ai cho em gái bị nó xin được không nhỏ em gái vẫn mà nó được 50 Công thức này thôi làm bánh mừng hết lớn liền ăn chung với lại cái mì Ý thấm cái sốt cà chua này nó là 10 điểm khỏi nhân đi mà cứ ngon tiện lợi giá cả hợp lý như này thì xin phép là trung thành và ủng hộ hoài nha
6573106305933475841,7343855203214462226,có yêu em nhiều không Em cũng không biết đâu Làm sao cho em cảm nhận tình yêu của anh hãy đến bên em nhiều hơn môi chạm môi nắm tay em từng khóa anh lại còn chiều mai đề thi
6573106305933475841,7344586327737896210,tạm thời quên đam mê Cao Thắng một ngày đi mọi người vẫn tìm được cái chỗ này bên Tân Phú cũng ngon với lại rẻ dữ lắm đá me một cái ly chà bá bự như này có 20.000đ mà là loại đá me đắt hơn luôn nha Trong này còn có đậu phộng nữa Sài Gòn Nắng nóng Ăn cái này là đúng rồi chuyện này bán lề đường thôi nằm ngay số một công việc Tân Phú Vĩnh mua hai ly trà tắc thì 15 Đã mi thì 20 tính ra một ly đá me như là 20.000 điểm là chất lượng mọi người ha mà Cái quan trọng là ăn ngon không hề bị ngọt luôn á ăn cảm giác mát mát phí cực kỳ luôn đậu phộng thì bùi bùi thơm thơm đắt thì được riêng vẫn còn dai dai giòn giòn Sài Gòn bữa giờ nắng gắt nên là làm một ly như này còn ổn áp ngồi đó thì ở đây còn bán trà tắc nữa một ly bự như là 15000 g lai nên thoang thoảng khá là thơm nhưng mà bị một cái là hơi ngọt với bệnh ngon hơn nó giỡn như vậy thôi chứ đá me ngon hơn thịt cho mọi người nên là tớ đi thử đám ma đi ổn áp lắm ngay trường mầm non Phượng Hồng này nè và phía bên trái nha
6573106305933475841,7344950826852568338,trúng mánh rồi Mọi người vẫn tìm được cái chỗ này ăn cháo lòng ngon lắm Có 30.000đ một tô và 10 tô thì 300 để cái bảng đúng dễ thương luôn á Mà ở quận 11 mà người ta thử ăn cháo lòng chỗ này chưa lâu sẽ được chấm cùng với mắm xả ớt rồi nè Bán cực kỳ luôn không biết là nhìn cái chỗ lòng mọi người mê chưa chứ ở bên ngoài nó thơm phức luôn á 30.000đ là một cái tô đầy đủ như này nè quá trời luôn cháo thì là loại chó rang mà lưu ý nha bạn nào mà không ăn được bột ngọt thì nhớ dặn cô giao thông là cô sẽ bỏ vô một cách hiển nhiên luôn á mà vẫn thấy cần gì bột ngọt cái tô cháo này cũng đủ ngon rồi nêm nếm thì đậm đà cái hạt cháo thì mềm thơm khủng khiếp luôn lòng hay huyết Đồ này nọ được làm mọi thứ rất là sạch sẽ một cái điểm cộng to đùng là cái chén mắm xả này nè chấm Cái gì cũng hợp luôn Mọi người nó ăn nó ngại nó thơm cái miếng lòng heo hơn hẳn luôn đó rồi cũng ngon nữa mọi thứ khá là vừa vặn ngon lắm luôn á bạn nào mà muốn ăn lòng thêm trời order một cái dĩa này như vẫn nè 50.000đ mấy cái lồng này coi bộ đơn giản vậy chứ không biết làm đồ ăn thấy ghê lắm nhưng mà cái chỗ này làm sạch sẽ với lại ngon nha cô chú nói là cháo lòng nhà cô chú bán lâu năm rồi từ thời ông bà kia vẫn cũng không biết thông tin này ai ăn rồi cho bệnh kiểm chứng với
6573106305933475841,7345080511305420050,Lưu Lạc clip là gì để thời gian sắp tới nếu bạn có ý định đi Quy Nhơn Hi xin chào mọi người Mình là vẫn thích ăn ngon tới Quy Nhơn mọi người nhất định phải ăn những món này nha Về ăn sáng thì nhất định mọi người phải thử bánh mì chấm Thuận Phát nha ngon mà rẻ dưới lớp siêu đơn giản nha Nhưng mà Ăn dính cực kỳ cơ bản là do cái pate nó ngon rồi Làm gì làm nhớ đi ăn bánh hỏi cháo lòng ở 20 viên Hồng nhớ đi sớm nha chờ ở đây nhanh hết dữ lắm quá nó có cái chị chủ la la vậy thôi chứ dễ thương dữ lắm quán này đông cho cơ bản là nước chấm ngon phải là cháu rồi bà nội nấu cũng vừa vặn nữa đi biển mà ăn hải sản là xưa rồi bây giờ mình thử ăn ốc bò óc heo đi ở ngay quán bún Thu là có 1 4 5 0
6573106305933475841,7345103663666318600,ai mà đang mệt hay là đang yếu người gì đó thì đừng có đi coi kịch lạc lối Băng Cốc như mọi người đảm bảo luôn sẽ rất là mệt Bởi vì cười quá nhiều trời Không biết chuyển được bao nhiêu tiền mà thấy một người đầu tư phục trang dã man luôn mua vé có giá là 250.000 được tặng thêm mỗi người một chai nước suối vẫn đi là gặp chị Phương Ly nữa trời ơi ngồi ba xin dã man luôn đó mọi người mày nói gì nói kịch này nên xem và ủng hộ cho mọi người vui vẻ và nhẹ nhàng lắm mê chị Ngọc Phước Panda với lại bé bảy xỉu luôn á cần dã man
6573106305933475841,7345479558499437832,Anh ở vùng quê khu nghèo khó đó có trăm điều khó muốn lên thành phố nên phải có sao cho mình anh lo thế rồi gặp em nhưng vụn vỡ đã lỡ đêm ngày nhớ Nắng mới tinh
6573106305933475841,7345807703882730759,heo 2000 có 45000 dậy sớm để ăn sáng chưa với vịnh Nha mọi người dành cho những ai chưa biết thì ở Bình Định Quê mình cũng có một cái chợ tên là chợ Cồn đồ ăn sáng Cũng đa dạng dữ lắm mà được cái là siêu rẻ luôn nha món này là bánh xèo vỏ nè mọi người ăn cùng với lại mắm độc là đúng bài bánh xào giòn đã có 2000 cái À mà nhân tôm đàng hoàng luôn nha bánh hỏi 4 giây bánh bèo dạt sâu Nói chung là đa dạng dữ lắm mới sáng sớm mà nhiều sự lựa chọn lắm nha phở nuôi bún mì to như này có 15.000đ có trứng cút chả chả cá má đào được thịt bò nướng kiểu ăn quen rồi đó mà sao mà không ăn không Có thịt được ăn không Có thịt vậy Về quê thì mấy cái nước đậu nước đậu xanh này nè rẻ lắm có 5000 bịch à mà tao nói uống như là no luôn đó có đậu xanh nữa Cái này là bánh mì nè mọi người ăn bao nhiêu thì cứ vậy Hôm nay của bệnh có giá là 10.000đ trứng cút ở ngoài qua vị trí có chút xíu thôi à nó không có gương mặt bự mà kiểu Sài Gòn Tuổi Thơ Khúc Làm Mới có 7 giờ sáng à mà tấp nập ghê không Cái chợ này thì vẫn xếp trên má không có thấy ra hình như là do trợ tự hợp hay là còn gọi là Trần Hùng người dân ở đây sống được Đa phần là nhờ đi biển nên đâm ra thuyền nhiều dữ lắm mà phải công nhận là mỗi lần về quê cảm giác yên bình và người Hoa
6573106305933475841,7346123485619555591,"đam mê món nào không biết chơi đam mê bánh nếp Huế thì vẫn nghĩ là khó bỏ lắm quá nên nằm ở quận 12 không biết là một người ta thử chưa ta có bánh bột lọc là bốn bóng đêm này nọ nữa mà bên em đã ăn nước mắm cùng với lại cái tương này nè con cá trê nên mọi người bánh nếp nướng thịt một nửa năm cái sẽ là 17 ngày Nếu mà có thêm tôm thì 5 cái sẽ là 27000 nha siêu đơn giản với mọi người cuốn theo miếng rau đồ chua cho thêm miếng cá nữa chấm nước mắm là đúng chấm mắm nêm là ngon rồi đó mà chấm chung với lại mắm này thì cũng ngon luôn bánh bột lọc là 17,5 cái nha mọi người tính ra mỗi cái sẽ gần 3.000 bánh bột lọc Huế thì sẽ chấm cùng với lại mắm bằng cây như này nè remix một lần thì vẫn thấy ở đâu bán cũng giống nhau thôi nhưng mà mọi người thử chấm với lại cái bấm này đi nó dính kiểu nó đậm đà nó thơm mà cay xỉu luôn đó nó đã gì đâu luôn á bún mắm nêm thì phải order to nhỏ thôi à 22000 Còn ai mà ăn sức mạnh cho order to lớn nha 32GB là auto ngon Nói chung quán này ổn giá bình dân mà bị cái là chỗ này người ta đang làm công trình nên là hơi bụi tranh thủ ăn nhanh rồi về mọi người ha"
