hashtags,count
ancungtiktok,55590
reviewanngon,21966
monngonmoingay,7197
nauancungtiktok,4046
anvat,3942
anngon,3546
monngon,3385
amthuc,3160
homnayangi,2528
reviewdoan,1794
anngonnaugon,1790
comnha,1523
anngonmoingay,1271
anuong,1183
angiday,1171
diadiemanuong,1171
monngontainha,1169
anngoncungtiktok,987
saigonangi,926
vanmonngonbungvi,733
trasua,673
monanngon,601
reviewanvat,598
diachianuong,544
amthucvietnam,537
amthuctaybac,522
reviewamthuc,516
amthuctiktok,472
hanoiangi,427
anvatsaigon,403
govapangi,386
banhmi,376
quan7angi,332
diadiemanuongsaigon,320
monngonsaigon,319
doanvat,303
haisan,280
anvat1989,279
thucdongiamcan,278
buacomgiadinh,275
caphe,272
binhthanhangi,251
anvattrungquoc,246
monngontiktok,242
amthuctrunghoa,241
anvattuoitho,227
chonanuonglanhmanh,223
comnhangonnhat,217
comque,217
angihomnay,209
comgiadinh,206
quan1angi,199
saigonangingon,166
dacsantaybac,144
comtam,144
nauanngon,141
doan,137
hutieu,134
quan10angi,132
anvatquan7,129
buacomque,123