author_id,video_id,video_transcription,url
6532371536686661633,7314301396751273218,Cùng Hát Ru đi ăn sập đám cưới của chị Đặng Thu Hà thế nào Mặc dù hôm nay là chị Hà cởi hết rồi mà tôi vẫn chưa tin được mọi người ạ Sao chị đâu tôi còn tên hoành tráng quá vậy trời tôi thấy mình cũng phải mừng cưới để cho còn tay của chị trọn vẹn chứ nhỉ sau khi chụp ảnh ở bên ngoài xong rồi tất cả mọi người vô trong bàn ngồi và xe miền Bắc gặp được ai nè Ấn Độ tối hôm nay rồi thì mình khẳng định đây là còn tất cả đời rồi mọi người ạ chính là quyết tâm khám phá bàn tiệc cưới mà anh chị đã dày công chuẩn bị các món ăn đều được trang trí rất là đẹp mắt nên mình phải thử mỗi thứ một chút xíu đồ ăn ngon nha mọi người ngoài ra thì mình ấn tượng nhất là món thịt chân giò với sốt phô mai béo béo này mình sẽ không nói là nó bị Hơi khó tách thịt đâu nha Ăn thịt rồi thì giờ mình bổ sung thêm súp lơ nha xanh quá trời xanh rồi đó đó để tôi quyết tâm ăn sạch nhưng đâu có được bỏ qua món nào bình thường là không bao giờ đụng lỗ tai gà luộc mà nay còn ăn một miếng nha Đúng là chuyện lạ luôn đấy một điểm mà mình thích nhất trong bữa tiệc là tôm sẽ được nhà hàng rồi giúp mình không có cần động tay nên là mình Mê lắm An Sương Dương vậy thôi vì mình còn phải để bụng ăn hộ caramen tráng miệng này nữa nó không bị quá ngọt và rất là ngậy việc mà thiếu bánh gối là không có được phải không nào Mày có vị sôcôla không vị ngọt gắt mà vẫn cảm nhận được vị đắng Chỉ có điều là cốt bánh chưa được ẩm nhưng mình mong đợi thôi đấy là cái gì đấy là cái gì nhà bánh ngon nha cua bánh ngon nhỉ,https://www.tiktok.com/@6532371536686661633/video/7314301396751273218
6532371536686661633,7313929579020815618,tiệm du thuyền 5 sao khám phá Vịnh Hạ Long một di sản thiên nhiên thế giới của Việt Nam rút tiền hôm nay mình đi có tên là a't cream ngay khi bước lên là thấy khung cảnh biển siêu đẹp với các nội thất sang trọng lắm sau khi giành thời gian chụp ảnh và khám phá cảnh quan trên thuyền và mình cũng hơi mỏi xíu nhưng phải nạp năng lượng bằng ly nước về xứ đồ ăn vặt sau đó lại tiếp tục lên ca nô và khởi hành từ hang sửng sốt hang động lớn nhất trong vị nghe cũng sửng sốt đó nhưng mà phải vô trong thì mới biết đẹp thế nào nha phải mê khám phá khắp nơi nơi mình cũng mỏi về Đói lắm rồi đó trở lại thuyền ăn buffet trưa nha ở đây món gì cũng có nhưng mà mình thấy đáng thương nhất là quầy bar Banking Tech về cá ngừ ở ngoài trời nha quầy này hot quá trời ai cũng muốn ăn nên phải đợi hơi lâu chút đi ra biển nên mình cũng không thể bỏ qua các loại hải sản mình đam mê Sashimi lắm luôn phải ăn tới hai đĩa 13 cái nơ ăn xong thì cả đoàn có thể tham gia các hoạt động khác như chèo thuyền kayak vào trong vịnh Nhưng mà mình ngủ quên mất nên là không kịp tham gia cái gì cả công nhận là rừng ở trên thuyền năm sao ngủ với đã gì đâu á ngủ nhanh nhất luôn vừa dậy lại bị mọi người kêu ra chụp hình cùng đoàn tiktok để rời khỏi thuyền và đi ăn tối ngay Tối nay cũng vẫn là buffet tại nhà hàng nhưng mà đặc biệt hơn vì có món chả mực Hạ Long Nổi Tiếng ngon lắm luôn Mọi người ơi nhất định phải thử nha Ăn Xỉu Xỉu Vậy thôi để còn di chuyển đi chơi tiếp nào,https://www.tiktok.com/@6532371536686661633/video/7313929579020815618
6532371536686661633,7312395946527083778,một ngày làm khách du lịch ở chính quê hương của mình Bữa nay mình nhận được lời mời tham gia chiến dịch Hello Việt Nam của Tik Tok em Tất nhiên là mình không thể bỏ lỡ được rồi chiến dịch này có mời các quý từ nước ngoài em sẽ là cơ hội rất tốt để quảng bá du lịch Việt Nam hồi bữa mình có ăn phở bò khách sạn camela những bữa nay cả đoàn ăn phở gà món này lại chưa được hợp khẩu vị của mình bằng phở bò ăn xong tô phở là mình di chuyển tới InterContinental westlake để check in cho mọi người coi nhanh phòng khách sạn và view Hồ Tây nữa nè bảo đã luôn tất nhiên nhận phòng khách sạn xa xôi là cả đoàn tiếp tục đi tới nhà hàng để ăn với wacom buffet phải đa dạng các loại đồ ăn truyền thống của Việt Nam và cả những món tiêu dùng nữa một điểm mình thích là các đồ ăn trẻ byte thôi á rất vừa phải và không làm mình bị quá no man của mình nó dậy rồi nên là món nào cũng phải thử một ít cho biết sau bữa tối là mình có đi sâu đêm Giải Mã Hoàng thành Thăng Long chỗ nào cũng khá là mới và rất là thú vị luôn mình nghe các anh chị có thể khác nói là quả của Tik Tok Mê lắm là về mình phải mở ra ngay và ai ngờ là mây thật nha đối với khách sạn rồi nhưng mà ngày của mình vẫn chưa kết thúc vì còn cần edit video,https://www.tiktok.com/@6532371536686661633/video/7312395946527083778
6532371536686661633,7310636848718662920,bao nhiêu lần và tổng chi phí là bao nhiêu thì mình có ghi chép chi tiêu lại nên mới biết được nhiều Vậy mà ai ngờ chủ yếu Toàn là đồ ăn order chứ nên mình sẽ chỉ ra những món ăn mà mình yêu thích nhất trong năm 2023 nha bình thường 11 em sẽ có giá khá mắc nhưng nhân ngày 12 tháng 12 trên shopee của chương trình siêu đại tiệc sinh nhật với cực nhiều đi độc quyền và giảm giá 50% nhưng mình phải tranh thủ order ngay coi như là mình ăn một bữa cực kỳ đều huề để mừng sinh nhật shop FIFA nào là pizza Mua 1 tặng 1 với vài câu sau bước luôn không biết mọi người có giống như mình không Nhưng mình là một tín đồ của giao đồ ăn thì mình nấu ăn quá là tệ nên sau khi phun ra đời đồ ăn và có nhiều mã giảm giá mà ship còn nhanh nữa nên mình lại càng bị dở hơn nữa à Than Quảng Ninh yêu thích nhất trong năm 2023 là Pizza và Matcha latte của starbuck nha đặc biệt là hai món này chỉ độc quyền có trên shopeefood thôi ạ hình chiếu mây hai món này cảm giác nó cứ bị hợp với mọi người vì sao thì mình phải gọi 5 loại thì đặc biệt và hải sản sốt pesto xanh không phải là một chiếc Mà hai chiếc một lượt mày đã là cái nơi của mình không quên ăn thêm miếng salad Vì Ai của mình không thể bỏ qua các loại rau xanh mình để thấy mắt trái mắt tên là đủ yêu thích của rất rất nhiều người Nhưng đúng là so với các đồ uống khác thì nó nổi bật hơn hẳn mọi người có thể lên shopeefood để kiểm chứng hai món ăn yêu thích của mình với ưu đãi khủng' vào việc siêu đại tiệc sinh nhật ngày 12 tháng 12 tới biết đâu chúng ta chung khẩu vị đó,https://www.tiktok.com/@6532371536686661633/video/7310636848718662920
6532371536686661633,7310283988067831041,mai ăn gì ở buổi tối với Wedding của anh chị Sơn lưu Hà Lê đây là đám cưới đầu tiên mình tham gia kể từ khi gia nhập Schannel Mấy bữa nay mọi người cứ trêu là vừa vào Schannel đã được mời đi ăn bao nhiêu đám cưới nhưng mà mọi người đã mất công mời thì mình cũng không thể vắng mặt được đúng không nào sự kiện hôm nay là,https://www.tiktok.com/@6532371536686661633/video/7310283988067831041
6532371536686661633,7310053593602739458,ăn được 1 tuần 7 bắt đầu nary không thế luôn là ăn lẩu ở mê mà nó đã gì đâu đó nên mình nhẹ nhàng hát ở chi nhánh Lotte Mart tây hồ tại nghe nói thiết kế khác chi nhánh ở Hà Nội bước vô là thấy cái tông màu chủ đạo khác biệt rồi nha trông trăng sáng hơn đó mình có đam mê về quê nước chấm và tráng miệng nên phải khai vị chè xoài và là một tô nước chấm rất là nhiều rau mùi mình vẫn tìm được công thức pha sốt chấm dứt hợp với khẩu vị rồi cũng quan sát mấy anh chị pha rồi đúc kết cho mình mới ngon được vẽ như mọi người phải cho thật là nhiều rau mùi nha rất thơm rất ngon rút kinh nghiệm từ nhiều lần ăn trước lần này mình chủ yếu Tôi nói thật thì thôi à cũng có các đồ ăn khác như phù trúc quận phải tủi thân tài và Tôm phỉ thúy Nhưng mình phải thấy đặc sắc lắm thì mới gọi á đó cũng là gợi ý của mình cho ai ăn lần đầu ở nhà hàng hát nha nếu một người chưa quen pha nước chấm thì có thể nhờ các anh chị nhân viên lần đầu đi ăn mình cũng không cần biết pha đâu nhưng lâu dần rồi mình phải thử nghiệm chứ Mày đang ăn tự nhiên Sợ mập giữa chừng đó mình thì đổ ra bát nước chấm Béo chết lâu thì mình không đổ cho nó nha quá trời quá đất các loại gia vị luôn thì sao không mập cũng không quên Uống mấy chai ô tô chỉ 1220 ngàn một ly thôi mình sẽ kết thúc bữa ăn bằng một chầu các loại sợi miến khoai lang vì miếng khoai tây không bao giờ thì chưa no máu order xong ăn xong là cái bụng muốn bể luôn mình còn được các chị nhân viên nhận ra và tặng đi hoa quả siêu xinh nè,https://www.tiktok.com/@6532371536686661633/video/7310053593602739458
6532371536686661633,7309621696732908801,heri Ăn Gì Đây là một chất intro được Lấy cảm hứng từ men gì vì Đúng là mình sẽ cho mọi người coi mấy hôm nay mình nên ăn gì Coi bộ là mình ăn ở nhà hàng này nhiều lắm luôn rồi đó nhất là về món đồ chơi tokbokki này không chỉ có mắt mà nó còn rất ngon miệng vị ngậy béo béo mà vẫn cay nhẹ Tất nhiên là như một lẽ thường tình thì không thể bỏ qua kim bạc được rồi Ở đây nhân người ta còn cuộn nhiều nên tôi ăn hoài không có chán phải làm sao đây Phải trên nhà này gần mình hơn chút chắc là mình cần Ghé nhiều nữa mình hát ở đây chắc phải tầm hơn một năm nữa thử cũng được gần hết cuốn menu của họ Nhưng công nhận là hợp khẩu vị của mình hết Mình sẽ quay ẩm thực Hàn Quốc xíu thôi chứ tôi là tôi vẫn thèm một tô bún riêu cua full topping nha Lâu rồi chưa ăn nên mình phải nhớ cái vị nước dùng Thanh Thanh nhớ lời gần nhất mình ăn chắc phải từ đầu năm gì đó hồi Tết cũng ăn một tô bự chảng y Vậy ăn ngon không ngán gì nha có một cái là mình chỉ ăn lòng đỏ trứng vịt lộn còn lòng trắng thì xin chịu thua mình không ăn được nên mình phải để bạn đi chơi ngoài công viên rồi tranh thủ order đồ ăn ra đây ăn luôn mấy nay trời lạnh lạnh mà vẫn còn nắng nên cảm giác ngồi ngoài trời ăn là chiêu gì đâu cũng được tình yêu nhỉ Nhưng ăn một chiếc sandwich và chưa đủ lớp đầy cái bụng của mình nên tự mình quyết định ăn thêm bao kim bạc để cho chắc Dạ nước đi Này mình cũng không lường trước được tại vì không ngờ là mình nhắn này nhiều vậy thôi cứ ăn đã cho no cái bụng rồi Làm gì làm ha,https://www.tiktok.com/@6532371536686661633/video/7309621696732908801
6532371536686661633,7309102746823675154,là Harry và chúc mừng một tuần ăn uống siêu siêu ít đây không hiểu vì sao mọi người kêu tôi ăn nhiều lúa nước chúng mình cùng khai vị một vài chức năng thư giãn và phô mai que thế nào à phải thế mà tào phớ nữa mới đủ combo nha ăn mấy món dầu mỡ sức mạnh cuốn mà nó không tốt cho sức khỏe Buồn thật đấy đối với thêm đồ ngọt nên mình uống một bình nước xoài bán chiếc bánh chưng và phô mai mình mua từ hôm bữa thời tiết nóng mà ăn cay chắc cũng không sao đâu ha mình sẽ làm một nồi Bún Ốc Trung Quốc luôn Trời ơi tao nói nó thơm nó hấp dẫn và sao nó cay vì đó nên là nó chỉ là mình muốn xe ra lửa thôi chứ không có nhiều hết á nhưng phải công nhận là sợ bột ngon nha dài dài đã lắm hôm sau vẫn thèm nên tôi đi ăn ngay một tô mì vằn thắn đầy đủ topping ôm bình nước súp ầm ầm rồi Ăn bánh mì Ăn này rồi mà ai còn dám nói tôi ăn nhiều thì bước ra đây nha Ừ thì đúng là tôi ăn nhiều thật nên nay ăn salad cá hồi với gỏi cuốn này mỗi tội nó kỳ lạ ghê ăn heo thì ăn gấp hai lần người khác là sao vậy Harry với một người đam mê ăn uống mãnh liệt như mình thì việc giữ gìn vóc dáng bên ngoài nhất là chăm sóc da mặt rất quan trọng ngoài thực phẩm ở chế độ tập luyện thì mình cũng luôn Chú ý tới những sản phẩm skincare như sữa rửa mặt làm sạch da tại vì da mình thuộc loại da dầu dễ bị mụn nên cần chọn các sản phẩm làm sạch tốt mình thì các anh trai trong Schannel giới thiệu chai rửa mặt Oxy cũng dùng được một thời gian rồi mình thấy ổn áp lắm dòng này có các hạt than siêu vi để massage mặt nên sau khi rửa xong thì mình sẽ hỏi hơn nhiều đặc biệt nha dùng xong vừa sạch mà không làm da bị căng khô nhiều loại này mà mình cũng không còn định kiến về sữa rửa mặt Nam làm khô da nữa Chắc vì thế nên mới có nhiều anh em tin dùng oxi mọi người có thể sử dụng để giữ được một làn da sạch khỏe ẩm sau đó tự tin đi chơi ăn uống và chụp ảnh nữa nha,https://www.tiktok.com/@6532371536686661633/video/7309102746823675154
6532371536686661633,7305726466602355969,,https://www.tiktok.com/@6532371536686661633/video/7305726466602355969
6532371536686661633,7308435608261709057,chỉ từ 100.000đ một người thôi nha mình đi ăn cũng kha khá bữa rồi nên mới đúc kết được những chip dành cho mọi người nửa đêm rồi mà nhà hàng vẫn đông nha kiểu Ở đây có văn hóa đêm á đó Order một bản thật nhiều đồ ăn mà vẫn giữ được giá chỉ từ 100.000đ hay chứ giờ ăn đã nha mình thường xuyên bị đau bụng mỏi mắt đến khi nào O là nhiều thật nhiều vô rồi không ăn hết Mặc dù chỉ có hai người thôi mày đi ăn lẩu thì dễ nói nhất là mấy loại viên vậy mà mình lại gọi siêu nhiều lần nào ăn xong mình cũng tự hỏi ra lần sau chỉ có được thì thôi hạn chế các loại viên hết mức có thể mà rồi nó vẫn như vậy đó Bữa nay mình còn order nhiều tới mức ở cuối giữa hai đứa còn phải ăn uống với thịt bò mặc dù siêu siêu no rồi mình mê một phút cuộn với túi thần tài lắm ăn nó đá gì đó mọi người đã đoán ra được bí quyết để ăn lẩu giá rẻ chưa ta đó là không có bí quyết nào cả thì thích ăn chỉ từ 100.000đ một người nhưng cụ thể đó là gần 500.000 một người nha Tôi cũng đang đi tìm thiết mà mãi chưa ra ai có chỉ tôi với nhà giờ thì ăn no rồi về đi ngủ thôi,https://www.tiktok.com/@6532371536686661633/video/7308435608261709057
6532371536686661633,7308347088968895746,đầu tiên mình ăn nguyên mình Cá hồi sống như vậy ạ Hello mọi người hôm nay mình sẽ ăn cá hồi sống với cả đây là mình không nói chung là nó là cái dạng thuyền Nếu không nhập tên tiếng Nhật của mình sẽ để trên màn hình nha nên mình không nè nước tương và wasabi ánh sáng rất nhiều video ở trên mạng về người ta ăn nguyên miếng này và mình rất là thèm tại vì mình cũng là một fan bự của cá hồi chấm cho nước tương béo đá gì đâu hết để một chút nhưng mà rất là ngon,https://www.tiktok.com/@6532371536686661633/video/7308347088968895746
6532371536686661633,7306202439386975489,đón Sài Gòn quá thì phải làm gì chính xác tôi là bắt đầu bước vào bản đồ ăn đủ món về nhà nha không biết công khai vị với một chiếc bánh mì U nhân ngày khá giống bánh mì Huỳnh hoa hồng bình an ở trong đó nhưng có điều phiên bản ảnh nhỏ và ít nhân hơn nhưng vẫn ngon nha Uống mì ô long pha lê rừng sẽ ăn cơm tấm sườn bì chả trứng mình có kỷ niệm khá đáng nhớ với cơm tấm vì đây là món đầu tiên mình ăn khi vừa đặt chân đến Sài Gòn xuống máy bay đói khùng luôn nên chạy từ khách sạn quay ở bên cạnh để gọi máy suất cơm tấm mà trong đó vừa rẻ vừa ngon được cái quán mình order hôm nay giá cũng hợp lý cũng ngon nữa nha Hồi trước mình có order hàng khác người đó kiểu không hợp khẩu vị của mình cho lắm ăn hàng ngày thì khác hẳn phun thuốc Minh đũa thường là đá gì đâu Chắc phải đi tìm thêm mấy quán cơm tấm ở Hà Nội thử với mọi người ơi đó xong khai vị về món chính của ngày hôm nay rồi mình chuyển qua Ăn tráng miệng nhé Mang tiếng thuốc Sài Gòn và tôi chưa ăn được miếng bánh tráng ở trong đó luôn nha đợt đó cũng bận nhiều việc nên mình quên luôn hơi buồn vì mình để thế này khá lâu rồi nó cứng đơ này xịt keo luôn,https://www.tiktok.com/@6532371536686661633/video/7306202439386975489
6532371536686661633,7305991724785077505,Ủa mình thật là to kem dừa miệng hô Tốc Độ 2 hộp kem một hộp kem dừa và một cái matcha mình xem với cả bánh hốt tốc tại vì mình thấy chị Google ăn như thế này nên là hôm nay mình sẽ thử nha nhỏ là ngon lắm mua kem dừa đặc điểm hô tốc lên kem nóng quá ngọt ngậy của phô mai thơm thơm mùi dừa và rất là mát ở matcha nha màu đẹp ghê ngồi làm kem với một miếng Hutech hốt tốc trà xanh hỏi mẹ tao hợp không hút thuốc à bản thân nó khá là giống một món tráng miệng rồi ngã vùng kem đó rất là hợp chất nào cũng được mình cứ thử thôi không cần,https://www.tiktok.com/@6532371536686661633/video/7305991724785077505
6532371536686661633,7305060198870273281,thành phố cổ sao không bước qua video 18 tokbokki phải trả cả sever trên đường phố bên Hàn nên mình thèm lắm thời tiết giờ cũng lạnh hơn rồi nên phải đi ăn thôi Bây giờ thì chưa có qua được nên mình ra Hoàn Kiếm ăn chỗ này ngay gần phố đi bộ ra nên không gọi là có xíu vai đó chả cá thì hầu như hàng nào cũng có gì giống nhau nhưng mình thấy ở đây cũng ngon nhưng có điều là nó bị khá nhạt so với mình rất tiếc bởi vì bữa nay tới muộn nên họ hết mất sức lãnh đạo nước rồi Thôi thì không có bánh gạo nước thì mình ăn bánh gạo cay đỡ ha bánh gạo rất mềm và dẻo vị sữa chỉ ở mức cay nhẹ thôi Mình thì thích cay hơn chút nữa cơ nhưng vì sẽ hợp khẩu vị với đa phần mọi người hơn một điểm trừ duy nhất là ít chả cá trong một phần Topokki nha Trời không cẩn thận cái là phỏng lưỡi ngay được nhưng giờ phút cửa hàng bên trong để ăn bánh cho chị nhân viên nhận ra nhưng chạy lại tặng một túi bánh óc chó bánh ngon nha Nhất là nhân cos Tab có nhân đậu đỏ thì có lẽ không được hợp khẩu vị của mình cho lắm mình gõ được thêm một tô binh Sun xoài và bài Chiếc bánh khác để ăn thử bingsu ra trước rồi nên giờ ăn nha Mình thì thấy vị ở mức Ok thôi chứ có hương vị nào quá xuất sắc hai chiếc bánh gì đó của mình Cuối cùng cũng ra mình thì không nhớ tên nó lắm nhưng mà bánh này siêu ngon nha cập nhật phô mai tha hồ mà kéo có điều là bánh hơi ngọt Nhưng không sao Miễn là ngon là được mình cảm thấy ăn bánh nhân trứng lên giống đồ ăn sáng sao Anyway rất ngon recommend nhé,https://www.tiktok.com/@6532371536686661633/video/7305060198870273281
6532371536686661633,7304510713735712002,Hello mọi người Hôm nay mình có bánh tráng phơi sương muối béo của nhà hát ca ở đây là hành phi Hữu nhỏ ở đây mình có là bánh tráng siêu gạo nha mình mới nói loại này sẽ mềm hơn cái loại siêu mềm nó rất là thơm rất là kẹo luôn thành xi ở trong này có cả đậu phộng này không có đậu phộng này nên là ai mà dị ứng đậu phụng hay là không thích đậu phộng Thôi thì sẽ có hai hũ à Còn một lọ nữa nha Có thằng hành phi này ba lựa chọn luôn Bây giờ anh thèm bánh em mềm hơn cái bánh siêu mì Ý ăn Hữu nào bây giờ quá nhiều lựa chọn không biết đôi khi không chọn được chúng ta dùng tất đi chỗ này nữa này kiểu mình còn cái gì quả rất to hai cái cánh nó vô sốt muối béo phết vô trong nhưng mà thôi mình sẽ chấm hỏi đậm đà mà vẫn có bị béo béo ai nghĩ ra cái này không biết nhiều hành vi nhiều là không một lý do nữa Mình nghĩ mọi người nên mua ở Sky như ở trên bao bì sẽ có hình những chú mèo và lý do đấy chính là họ có bảo trợ cho một số trại mèo hoang ở Sài Gòn khi mình mua mình ăn bánh tráng thì mình cảm thấy là mình đang giúp được một ai đó nhưng mà mấy chú mèo dễ thương chẳng hiểu nó chấm vừa vừa nên chấm nhiều nên mình không có mặn mua ở hàng nha,https://www.tiktok.com/@6532371536686661633/video/7304510713735712002
6532371536686661633,7302824600017046785,kể chuyện tuổi thơ dữ dội cho mọi người thì mình order các món ăn gắn liền với tuổi thơ của mình nhất là vào các dịp ăn liên hoan ở trên lớp á Mình có suy nghĩ các loại gà rán khoai tây chiên ở đây rất quen thuộc phải không nào mình đã bao giờ hết các món này qua shopee food hoa cũng tò mò được tới trường à nhân dịp ngày nhà giáo Việt Nam Happy food cũng có chương trình Bạn đi Tri Ân trong ngày 20 tháng 11 Bác Hồ có muốn ăn uống giảm cân 50 Ngoài ra còn nhiều combo cho cả nhóm ăn được mà giá chỉ 120.000đ thôi mình là một đứa trông có vẻ rất hiền lành nhưng mà lại nghịch lắm nha kiểu nghịch ngợm ấy thì trong âm thầm thôi mình có nhiều phi vụ trốn thoát khỏi lớp trong giờ học rồi còn lấy mấy cái kệ đồ chơi để đánh bại Tất nhiên chỉ là trẻ con trêu nhau thôi à mình cũng không hề thích đi học kiểu nào luôn nên toàn giả vờ ốm nên không phải đi mẫu giáo lúc đó Ở nhà xem tivi cả ngày coi từ hoạt hình cho thấy Hey Mama tôi nghe nhạc trên kênh iTV đủ cả mặc dù chưa biết chữ nhưng 4 tuổi mình đã biết gõ bàn phím chơi game để tìm trò chơi trên pc đang nghịch rồi lại còn không thích đi học sao mà mẫu giáo mà nghe dữ dằn vậy phải ra một xíu nữa tới lúc đi học cấp 1 lúc này mày vẫn ổn nha vừa vào học đã được ra làm lớp trưởng nhưng chỉ sau một ngày thì mình đã biết cách chức vì có kết quả lớp làm vỡ hộp bút của bạn cộng thêm giọng yếu quá không hô được cả lớp Sau đó mình cũng vẫn có thêm những phi vụ đánh nhau và trước các bạn Hơi quá đà một chút là thời tiểu học nghe là thấy một tuổi thơ rất phong phú đúng không mọi người cũng may là hồi đó các cô giáo rất quan tâm Nên mình cũng bỏ cái thói từ đó luôn giờ vẫn nghịch nó biết chọn đúng chỗ hơn rồi,https://www.tiktok.com/@6532371536686661633/video/7302824600017046785
6532371536686661633,7302411198547397889,fan của em thanh nào xem video của bé ham thấy nhỏ này dễ thương ghê mà nhà bé nó có mở quán mì Ramen nên phải đi ăn thử ngay thôi mình xem thử tô Roman phải siêu nhiều thịt cua và một lòng đỏ trứng ở phía trên ngoài ra sẽ còn rau sống hành phi để ăn kèm đừng nên nói là tôi đã được Lấy cảm hứng từ 4 riêu cua nhưng thường sợi mì Ramen Á vì là món tiêu dùng Việt Nam và Nhật Bản nên hương vị cũng sẽ khá đặc biệt Nhưng mà phần Việt Nam nhiều hơn nha nói giống spaghetti vị cua kết hợp cùng cà chua Mình thấy đáng thương lắm rồi chuyển qua món mì thanh niên nha nếu mà mọi người chưa biết thì thanh niên là một loại quả có vị chua đó mới đâu thì mình cũng hơi thắc mắc về vị của mì này nhưng thì da vẫn là nước hầm xương như của Ramen khác và thêm vỏ quả thanh niên tuy nhiên thì mình cảm thấy vị của nó không quá ấn tượng nếu một người tới trải nghiệm thì mình nuôi comment nhất định nên thử một Roman nha,https://www.tiktok.com/@6532371536686661633/video/7302411198547397889
6532371536686661633,7301529813460864258,,https://www.tiktok.com/@6532371536686661633/video/7301529813460864258
6532371536686661633,7300055994640370945,áo đen của những người siêu quậy quậy quá trời quá đất là như thế nào ta 11 hay thắc mắc vì đó giờ mình trầm tính hướng nội lắm đạp xe một chút trước giờ đi ăn vì mình biết kiểu gì order ngập một bản đồ ăn đó ta nói có sai đâu nguyên một bàn quá trời luôn nè phần nấu cơ thể một chút rồi giờ thì mình bắt đầu vận động miệng của mình nha mình thích ăn lẩu phải cảm giác không bị quá dầu mỡ nhanh ấy mà ăn thật nhiều nên mình thích lắm đi ăn lẩu thì khi nào mình cũng thích ăn các loại thịt nhất cảm giác bổ sung được nhiều protein lắm mọi người đỡ tội lỗi một chút nay cũng có nhiều món lần đầu mình được ăn nhưng xách bò bún nước và mấy loại viên rất đặc biệt của nhà hát Mình thấy ai cũng hay hay á lạ lạ Ngon ngon nên lần sau nhất định sẽ gọi tiếp mình phải công nhận là ăn lẩu và nhẹ nhàng nhưng mà sao mình ăn Nó lạ lắm ăn xong rồi bụng mình căng tròn luôn á Đây chính là những yếu tố bất ổn mình nhắc tới hồi đầu này ăn mì quảng đậu rồi mình coi nhân viên múa mì bonus cho mọi người khung cảnh một dàn xếp thực sự nha,https://www.tiktok.com/@6532371536686661633/video/7300055994640370945
6905832297980920833,7458637539793046802,Indonesia open,https://www.tiktok.com/@6905832297980920833/video/7458637539793046802
6905832297980920833,7432325274433244424,the baby super,https://www.tiktok.com/@6905832297980920833/video/7432325274433244424
6905832297980920833,7443735681014271240,Du Ký 1998,https://www.tiktok.com/@6905832297980920833/video/7443735681014271240
6905832297980920833,7478247525749673234,the beauty of Days on the weather today some Of Your YouTube channel Samsung Galaxy,https://www.tiktok.com/@6905832297980920833/video/7478247525749673234
6905832297980920833,7477874857422769415,Samsung Galaxy S8,https://www.tiktok.com/@6905832297980920833/video/7477874857422769415
6905832297980920833,7477480802327072008,một chiếc xe này gắn camera sau in community qua internet,https://www.tiktok.com/@6905832297980920833/video/7477480802327072008
6905832297980920833,7477192663112928519,the,https://www.tiktok.com/@6905832297980920833/video/7477192663112928519
6905832297980920833,7476401582700039432,Indonesia,https://www.tiktok.com/@6905832297980920833/video/7476401582700039432
6905832297980920833,7474977121895484679,karaoke Monster Superstar Canary Canada,https://www.tiktok.com/@6905832297980920833/video/7474977121895484679
6905832297980920833,7474760934632819986,Sony 59 uống virus quái nay Tin Lành về đặc trưng của alanin nước suối Optimus,https://www.tiktok.com/@6905832297980920833/video/7474760934632819986
6905832297980920833,7474600369251716370,Lady Gaga chỉ cần dùng,https://www.tiktok.com/@6905832297980920833/video/7474600369251716370
6905832297980920833,7474528055009135879,Songoku 36,https://www.tiktok.com/@6905832297980920833/video/7474528055009135879
6905832297980920833,7474258430014934279,One Piece money,https://www.tiktok.com/@6905832297980920833/video/7474258430014934279
6905832297980920833,7473822594853080338,Samsung Galaxy about many interesting experience of Chinese Are Happy to you,https://www.tiktok.com/@6905832297980920833/video/7473822594853080338
6905832297980920833,7473438805391854855,trên J7 giá rẻ 399,https://www.tiktok.com/@6905832297980920833/video/7473438805391854855
6905832297980920833,7473067353018797330,Ninjago Ninjago 1679 Spider King Korean international,https://www.tiktok.com/@6905832297980920833/video/7473067353018797330
6905832297980920833,7472679564762680594,áo sơ mi công chúa Elsa tô màu siêu nhân cọp với tự nhiên nó mới uống Panadol Express YouTube,https://www.tiktok.com/@6905832297980920833/video/7472679564762680594
6905832297980920833,7472409020003831048,chế độ Hoàng tập 13 VTV,https://www.tiktok.com/@6905832297980920833/video/7472409020003831048
6905832297980920833,7472008938305670418,,https://www.tiktok.com/@6905832297980920833/video/7472008938305670418
6905832297980920833,7471273681520561415,mời anh đến Say Tình karaoke,https://www.tiktok.com/@6905832297980920833/video/7471273681520561415
6905832297980920833,7470528750317309192,weather to you,https://www.tiktok.com/@6905832297980920833/video/7470528750317309192
6905832297980920833,7469406784243928327,You're My Love,https://www.tiktok.com/@6905832297980920833/video/7469406784243928327
6905832297980920833,7469012624101920008,Manchester United live,https://www.tiktok.com/@6905832297980920833/video/7469012624101920008
6905832297980920833,7468667449232100616,chơi đi Huế Thương,https://www.tiktok.com/@6905832297980920833/video/7468667449232100616
6905832297980920833,7467926539242392839,Lý Tiểu Long full vietsub community,https://www.tiktok.com/@6905832297980920833/video/7467926539242392839
6905832297980920833,7466744669959900424,the Google Dịch,https://www.tiktok.com/@6905832297980920833/video/7466744669959900424
6905832297980920833,7466347013836164359,shop International study many shopping playing in the ball,https://www.tiktok.com/@6905832297980920833/video/7466347013836164359
6905832297980920833,7466068637502147848,xvideos.com,https://www.tiktok.com/@6905832297980920833/video/7466068637502147848
6905832297980920833,7466003219735497992,lý chính là Hồ Chí Minh karaoke remix bikini YouTube,https://www.tiktok.com/@6905832297980920833/video/7466003219735497992
6905832297980920833,7465646995198250247,Lionel Messi ghi gia trong Hands Up it's me up in Singapore,https://www.tiktok.com/@6905832297980920833/video/7465646995198250247
6905832297980920833,7465634167145975047,Mở Zing MP3 chicken children of the Modern Talking MP3,https://www.tiktok.com/@6905832297980920833/video/7465634167145975047
6905832297980920833,7465367405825461512,ghế chiết suất của chiến tranh thế giới baby trên cát loét dạ dày tôi xin lỗi karaoke for school,https://www.tiktok.com/@6905832297980920833/video/7465367405825461512
6905832297980920833,7464959544960077074,VietNamNet,https://www.tiktok.com/@6905832297980920833/video/7464959544960077074
6905832297980920833,7464514143069015304,,https://www.tiktok.com/@6905832297980920833/video/7464514143069015304
6905832297980920833,7464186104372104466,Turn on YouTube Are you ready gay nam Vietnamese,https://www.tiktok.com/@6905832297980920833/video/7464186104372104466
6905832297980920833,7463853737233222919,tiếng chó Becgie in the world to going to you live in vietnamese,https://www.tiktok.com/@6905832297980920833/video/7463853737233222919
6905832297980920833,7463443211118251282,xnxx.com,https://www.tiktok.com/@6905832297980920833/video/7463443211118251282
6905832297980920833,7463119509239368967,youtube.com.vn,https://www.tiktok.com/@6905832297980920833/video/7463119509239368967
6905832297980920833,7463066056643415314,youtube.com Aeon Mall love Space,https://www.tiktok.com/@6905832297980920833/video/7463066056643415314
6905832297980920833,7462696886311472402,Justin Bieber five little started unit 4 community Burberry dê con Minions,https://www.tiktok.com/@6905832297980920833/video/7462696886311472402
6905832297980920833,7462343531592469768,Samsung Galaxy J7 pro Vietjet Air 7 you call community,https://www.tiktok.com/@6905832297980920833/video/7462343531592469768
6905832297980920833,7462293911491398919,,https://www.tiktok.com/@6905832297980920833/video/7462293911491398919
6905832297980920833,7462006589327691016,in copy in Vietnam,https://www.tiktok.com/@6905832297980920833/video/7462006589327691016
6905832297980920833,7461607794974690568,Tom và Jerry full HD Grand International TV YouTube,https://www.tiktok.com/@6905832297980920833/video/7461607794974690568
6905832297980920833,7461256823048391954,Ladies sắp xếp các trang tin là Lý Tưởng remix karaoke song ca với Nhau Đi remix organ remix,https://www.tiktok.com/@6905832297980920833/video/7461256823048391954
6905832297980920833,7461169135867727111,,https://www.tiktok.com/@6905832297980920833/video/7461169135867727111
6905832297980920833,7460095273235238152,YouTube YouTube,https://www.tiktok.com/@6905832297980920833/video/7460095273235238152
6905832297980920833,7459757183446600967,giải trí Nova Đà,https://www.tiktok.com/@6905832297980920833/video/7459757183446600967
6905832297980920833,7459719035174014216,Asus,https://www.tiktok.com/@6905832297980920833/video/7459719035174014216
6905832297980920833,7459334860428021000,youtube.com,https://www.tiktok.com/@6905832297980920833/video/7459334860428021000
6905832297980920833,7458959684523920658,là hỗ trợ vay vốn Clash of Meaning Of You,https://www.tiktok.com/@6905832297980920833/video/7458959684523920658
6905832297980920833,7458311462960827655,thế giới con Minion,https://www.tiktok.com/@6905832297980920833/video/7458311462960827655
6905832297980920833,7457965811961974023,cấp pakistani Finance of Duty,https://www.tiktok.com/@6905832297980920833/video/7457965811961974023
6905832297980920833,7457826242021182738,Lionel Messi about the birthday to you call in love with the internet,https://www.tiktok.com/@6905832297980920833/video/7457826242021182738
6905832297980920833,7457562210383023367,lý do tại sao con karaoke,https://www.tiktok.com/@6905832297980920833/video/7457562210383023367
6905832297980920833,7457085885117484295,Mitsubishi nội địa Songs Good night for your name trang 43 inch,https://www.tiktok.com/@6905832297980920833/video/7457085885117484295
6905832297980920833,7456397570693156103,chung kết World Cup Indonesia Campuchia 75 km/h redmi 4A YouTube Excite,https://www.tiktok.com/@6905832297980920833/video/7456397570693156103
6905832297980920833,7455972558031031560,Running Man,https://www.tiktok.com/@6905832297980920833/video/7455972558031031560
6905832297980920833,7455341089864682759,Indonesia và Singapore,https://www.tiktok.com/@6905832297980920833/video/7455341089864682759
6905832297980920833,7454532557858721042,lễ tri ân hôm nay đến xã Bình Minh Justin Bieber second movie 25,https://www.tiktok.com/@6905832297980920833/video/7454532557858721042
6905832297980920833,7454051087717256466,student Of Love You Proud Of Your Best cooking to live in communication year happy birthday,https://www.tiktok.com/@6905832297980920833/video/7454051087717256466
6905832297980920833,7453810510400703752,,https://www.tiktok.com/@6905832297980920833/video/7453810510400703752
6905832297980920833,7453393426017471751,1 8 :,https://www.tiktok.com/@6905832297980920833/video/7453393426017471751
6905832297980920833,7453079037150235922,mật khẩu Play music in vietnamese chỉ cần làm sao che time no life in Canon,https://www.tiktok.com/@6905832297980920833/video/7453079037150235922
6905832297980920833,7452648589995658504,,https://www.tiktok.com/@6905832297980920833/video/7452648589995658504
6905832297980920833,7452431815920471314,,https://www.tiktok.com/@6905832297980920833/video/7452431815920471314
6905832297980920833,7452276879924546834,1995 tập 30,https://www.tiktok.com/@6905832297980920833/video/7452276879924546834
6905832297980920833,7451966448550956306,thông tin,https://www.tiktok.com/@6905832297980920833/video/7451966448550956306
6905832297980920833,7451930859378117896,la gi Tac nào Hãy tìm trên YouTube,https://www.tiktok.com/@6905832297980920833/video/7451930859378117896
6905832297980920833,7451561585727851794,name is it go happy,https://www.tiktok.com/@6905832297980920833/video/7451561585727851794
6905832297980920833,7451163195156303112,lái xe Phương Trang Hà Nội Trái Tim karaoke,https://www.tiktok.com/@6905832297980920833/video/7451163195156303112
6905832297980920833,7450803886467730695,Samsung Galaxy 2 Galaxy,https://www.tiktok.com/@6905832297980920833/video/7450803886467730695
6905832297980920833,7450017369885379858,lấy số Vios xếp quần áo thể thao Malaysia YouTube,https://www.tiktok.com/@6905832297980920833/video/7450017369885379858
6905832297980920833,7449665845107690770,Converse to mai vàng Vĩnh Phúc,https://www.tiktok.com/@6905832297980920833/video/7449665845107690770
6905832297980920833,7449327063074458898,ta sẽ nói tiếng Anh bất hủ Ly nay là Holly International USA Canada Xin chào mọi người,https://www.tiktok.com/@6905832297980920833/video/7449327063074458898
6905832297980920833,7449068452750331144,you can hear me now in Minecraft in Singapore,https://www.tiktok.com/@6905832297980920833/video/7449068452750331144
6905832297980920833,7448942101859011847,Spider Man,https://www.tiktok.com/@6905832297980920833/video/7448942101859011847
6905832297980920833,7448200567001845010,lương giáo viên food in communication of the Galaxy,https://www.tiktok.com/@6905832297980920833/video/7448200567001845010
6905832297980920833,7447827062334721288,Lê Thị Duy Trường hát Bolero,https://www.tiktok.com/@6905832297980920833/video/7447827062334721288
6905832297980920833,7447479286929345810,Intel xổ số internet,https://www.tiktok.com/@6905832297980920833/video/7447479286929345810
6905832297980920833,7447101196793318674,Open messenger,https://www.tiktok.com/@6905832297980920833/video/7447101196793318674
6905832297980920833,7446729175957916935,listening music for never know Union of Vietnam,https://www.tiktok.com/@6905832297980920833/video/7446729175957916935
6905832297980920833,7446379250199940360,,https://www.tiktok.com/@6905832297980920833/video/7446379250199940360
6905832297980920833,7446332267095411976,Ninjago Ninjago tập 11,https://www.tiktok.com/@6905832297980920833/video/7446332267095411976
6905832297980920833,7446047628971871496,Hello Kitty karaoke Vì Yêu mà đến chết,https://www.tiktok.com/@6905832297980920833/video/7446047628971871496
6905832297980920833,7445943127438888200,lê chí là hôn cái Tí mẹ đi mua spotify sex bố lo sợ,https://www.tiktok.com/@6905832297980920833/video/7445943127438888200
6905832297980920833,7445292998641896722,không cần để cài remote,https://www.tiktok.com/@6905832297980920833/video/7445292998641896722
6905832297980920833,7445252631636872455,The World Cup 2018 season 2 season 4,https://www.tiktok.com/@6905832297980920833/video/7445252631636872455
6905832297980920833,7444963991564094727,thế YouTube iPhone,https://www.tiktok.com/@6905832297980920833/video/7444963991564094727
6905832297980920833,7444539366891916562,Ola karaoke,https://www.tiktok.com/@6905832297980920833/video/7444539366891916562
6905832297980920833,7444454270319054088,Chỉ cần bật đèn incoming Of Love You can see me to you by a new world Lee Min Ho Chi Minh City International Holding,https://www.tiktok.com/@6905832297980920833/video/7444454270319054088
6905832297980920833,7443687554345422098,j6 Plus,https://www.tiktok.com/@6905832297980920833/video/7443687554345422098
6905832297980920833,7443462800556559624,,https://www.tiktok.com/@6905832297980920833/video/7443462800556559624
6905832297980920833,7442937191359106311,VTV1 hôm nay ta dạy cả năm 4 :,https://www.tiktok.com/@6905832297980920833/video/7442937191359106311
6905832297980920833,7442712454179654919,hóa đơn,https://www.tiktok.com/@6905832297980920833/video/7442712454179654919
6905832297980920833,7442346495568776466,rao vặt caro Mini Mouse giá rẻ,https://www.tiktok.com/@6905832297980920833/video/7442346495568776466
6905832297980920833,7441537063649922312,What time is it is my name is my birthday speak Vietnamese,https://www.tiktok.com/@6905832297980920833/video/7441537063649922312
6905832297980920833,7441205605353671943,apply That is have Musical Infinity of Vietnamese of you school,https://www.tiktok.com/@6905832297980920833/video/7441205605353671943
6905832297980920833,7440889470687218962,chi phí xe ô tô và Nobita,https://www.tiktok.com/@6905832297980920833/video/7440889470687218962
6905832297980920833,7440489111573515538,lên YouTube China to Vietnam,https://www.tiktok.com/@6905832297980920833/video/7440489111573515538
6905832297980920833,7439738096947711250,lý menelaus Fiorentina Skills Universe Harry you've been interesting number Beauty and,https://www.tiktok.com/@6905832297980920833/video/7439738096947711250
6905832297980920833,7439647668625755400,lên Internet Xóa tài khoản Google Security for what is,https://www.tiktok.com/@6905832297980920833/video/7439647668625755400
6905832297980920833,7439286808610983175,Linh cho mu cao bằng lá dừa YouTube and remember you live streamer to music karaoke for school love,https://www.tiktok.com/@6905832297980920833/video/7439286808610983175
6905832297980920833,7438947891470732551,joji Love In at five minutes English in Vietnamese buffet find me help you to you Happy birthday to you and your sister Do you know what you do in Canon,https://www.tiktok.com/@6905832297980920833/video/7438947891470732551
6905832297980920833,7438539864116710663,chiều cao su karaoke,https://www.tiktok.com/@6905832297980920833/video/7438539864116710663
6905832297980920833,7438347499158506760,,https://www.tiktok.com/@6905832297980920833/video/7438347499158506760
6905832297980920833,7438259403930864904,Lý Tiểu Long phá La Liga Gọi cho trường Hồ Chí,https://www.tiktok.com/@6905832297980920833/video/7438259403930864904
6905832297980920833,7437914220357750024,Xem anime,https://www.tiktok.com/@6905832297980920833/video/7437914220357750024
6905832297980920833,7437816721974529298,lấy đi vệ sinh địa chỉ bán kính,https://www.tiktok.com/@6905832297980920833/video/7437816721974529298
6905832297980920833,7437766371913551122,Legend of league about is this super lovers internationality,https://www.tiktok.com/@6905832297980920833/video/7437766371913551122
6905832297980920833,7437543460179070216,có ý kiến của tôi dịch ra tiếng Việt vở kịch,https://www.tiktok.com/@6905832297980920833/video/7437543460179070216
6905832297980920833,7437463422339403026,crazy for you and TodayTV local you Google,https://www.tiktok.com/@6905832297980920833/video/7437463422339403026
6905832297980920833,7437386028912004359,trực tiếp VTV6,https://www.tiktok.com/@6905832297980920833/video/7437386028912004359
6905832297980920833,7437120992054430994,Let It Go,https://www.tiktok.com/@6905832297980920833/video/7437120992054430994
6905832297980920833,7437102670860520711,,https://www.tiktok.com/@6905832297980920833/video/7437102670860520711
6905832297980920833,7436743803932904711,leader bao nhiêu protein body Kiss The internet is the weather like today some of you never been going to your body Friday is the protection of Vietnam,https://www.tiktok.com/@6905832297980920833/video/7436743803932904711
6905832297980920833,7436696839983746312,cùng em mất trí nhớ overland vòng tay là cháu bé là cháu bé là chó chó bơi lên YouTube,https://www.tiktok.com/@6905832297980920833/video/7436696839983746312
6905832297980920833,7436648959025614087,,https://www.tiktok.com/@6905832297980920833/video/7436648959025614087
6905832297980920833,7436327190007991570,nàng tiên cá phát tài mật khẩu Facebook the baby do you think you do in the summer Focus Unit 1,https://www.tiktok.com/@6905832297980920833/video/7436327190007991570
6905832297980920833,7436010148277079314,lấy gì mà xin lỗi tình yêu song ca Beautiful on the,https://www.tiktok.com/@6905832297980920833/video/7436010148277079314
6905832297980920833,7435622661033692436,Pakistan unit,https://www.tiktok.com/@6905832297980920833/video/7435622661033692436
6905832297980920833,7435597638294195472,trẻ em từ YouTube,https://www.tiktok.com/@6905832297980920833/video/7435597638294195472
6905832297980920833,7434872657260137735,Tôi chẳng nhận ra trả lời tựa đề miền Nam,https://www.tiktok.com/@6905832297980920833/video/7434872657260137735
6905832297980920833,7434469340499512596,Let It Go To You Happy Birthday To You Vietnam,https://www.tiktok.com/@6905832297980920833/video/7434469340499512596
6905832297980920833,7433763074613562631,chuột ch,https://www.tiktok.com/@6905832297980920833/video/7433763074613562631
6905832297980920833,7433386229770620177,Mediamart violin Of You Know trung tâm bảo hành Sony,https://www.tiktok.com/@6905832297980920833/video/7433386229770620177
6905832297980920833,7433040640151129351,Lê Thị Pha hồ sơ cấp 3 live season 2 vietsub Oxford dictionary in the restaurant for feet 360 amply your family life in Vietnamese Soccer 2019,https://www.tiktok.com/@6905832297980920833/video/7433040640151129351
6905832297980920833,7432939591604129025,,https://www.tiktok.com/@6905832297980920833/video/7432939591604129025
6905832297980920833,7432653385448344839,room is in the bus check in Gear 7,https://www.tiktok.com/@6905832297980920833/video/7432653385448344839
6905832297980920833,7432224401690643733,Pakistan gửi đã nói với cha cha cha,https://www.tiktok.com/@6905832297980920833/video/7432224401690643733
6905832297980920833,7431879776601656583,You Again in Canon,https://www.tiktok.com/@6905832297980920833/video/7431879776601656583
6905832297980920833,7431864687614070032,tải Minecraft,https://www.tiktok.com/@6905832297980920833/video/7431864687614070032
6905832297980920833,7431490168357522709,nếu như trời đất ơi Em Đi karaoke,https://www.tiktok.com/@6905832297980920833/video/7431490168357522709
6905832297980920833,7431190060168416533,the,https://www.tiktok.com/@6905832297980920833/video/7431190060168416533
6905832297980920833,7430866866601561365,What the body Can You Think Of You,https://www.tiktok.com/@6905832297980920833/video/7430866866601561365
6905832297980920833,7430425099712449812,Lady say you love me for you And you are you karaoke,https://www.tiktok.com/@6905832297980920833/video/7430425099712449812
6905832297980920833,7430089726373252372,What is love you so much,https://www.tiktok.com/@6905832297980920833/video/7430089726373252372
6905832297980920833,7429306845560311060,Lưu Chí Vỹ nói status về Barcelona Because Of You Mp3 Zing mp3 Chỉ Cần Em Đi Trên Đường Phố Thị karaoke,https://www.tiktok.com/@6905832297980920833/video/7429306845560311060
6905832297980920833,7428623805452487954,Lê Duy Khánh An ninh Best Of You karaoke 999/19 Indonesia Indonesia open,https://www.tiktok.com/@6905832297980920833/video/7428623805452487954
6905832297980920833,7428200273526459655,you Sexy Love You,https://www.tiktok.com/@6905832297980920833/video/7428200273526459655
6905832297980920833,7428157020592688402,limited sukino Sasuke and to Vietnamese,https://www.tiktok.com/@6905832297980920833/video/7428157020592688402
6905832297980920833,7427783588751445266,Lên YouTube xem video YouTube TV Note 10 pro and reason Mall TV Play,https://www.tiktok.com/@6905832297980920833/video/7427783588751445266
6905832297980920833,7427428790596324616,Lê Channel Vietnam,https://www.tiktok.com/@6905832297980920833/video/7427428790596324616
6905832297980920833,7427033723821935880,giá Galaxy j3 cadivi 2012,https://www.tiktok.com/@6905832297980920833/video/7427033723821935880
6905832297980920833,7426712822681177352,beauty 1009 YouTube,https://www.tiktok.com/@6905832297980920833/video/7426712822681177352
6905832297980920833,7426331201515932946,Galaxy A Live season,https://www.tiktok.com/@6905832297980920833/video/7426331201515932946
6905832297980920833,7425628539854064904,lối đi mua sắm trên trời mới gì mà ta xưa xưa karaoke,https://www.tiktok.com/@6905832297980920833/video/7425628539854064904
6905832297980920833,7425165717537934610,j6 đánh con gì Ô tô taxi,https://www.tiktok.com/@6905832297980920833/video/7425165717537934610
6905832297980920833,7424906357859536135,miniso chỉ cần viên bi chicken orange Perfect Eyes of the Vietnamese,https://www.tiktok.com/@6905832297980920833/video/7424906357859536135
6905832297980920833,7424136194302151944,google.com.vn,https://www.tiktok.com/@6905832297980920833/video/7424136194302151944
6905832297980920833,7423776209756081416,,https://www.tiktok.com/@6905832297980920833/video/7423776209756081416
6905832297980920833,7423406054605720840,ta sẽ xóa lỗi computational subscribed,https://www.tiktok.com/@6905832297980920833/video/7423406054605720840
6905832297980920833,7423022360011279634,lễ truy điệu Hồ Chí Minh sinh năm 1999 Spider Man Utd canteen on the sun and Moon click your love me to your birthday to you karaoke,https://www.tiktok.com/@6905832297980920833/video/7423022360011279634
6905832297980920833,7422281583962475783,,https://www.tiktok.com/@6905832297980920833/video/7422281583962475783
6905832297980920833,7421883396592323858,,https://www.tiktok.com/@6905832297980920833/video/7421883396592323858
6905832297980920833,7421475148831706376,lý xe Đức Trí Happy birthday to you say English 11 12,https://www.tiktok.com/@6905832297980920833/video/7421475148831706376
6905832297980920833,7421141577323564295,Jessica onekey Mediamart remix,https://www.tiktok.com/@6905832297980920833/video/7421141577323564295
6905832297980920833,7420766404422520082,Chỉ Cần Em karaoke song ca song,https://www.tiktok.com/@6905832297980920833/video/7420766404422520082
6905832297980920833,7420387486553115911,xã vĩ mô về xe Sirius,https://www.tiktok.com/@6905832297980920833/video/7420387486553115911
6905832297980920833,7419982719507090696,lỗi trên Zalo ads Civil to school 3 chi tiết Phân tích kèo World Cup Campuchia Malaysia and Singapore,https://www.tiktok.com/@6905832297980920833/video/7419982719507090696
6905832297980920833,7419638293995801864,77 pro EXO Monster School,https://www.tiktok.com/@6905832297980920833/video/7419638293995801864
6905832297980920833,7418869030112562450,lên chữ cái 24 GB Follow karaoke,https://www.tiktok.com/@6905832297980920833/video/7418869030112562450
6905832297980920833,7418518664955137287,Lưu Chí Vỹ Dạ xin lỗi Lolita Justin Bieber karaoke Sóc Sờ Bai,https://www.tiktok.com/@6905832297980920833/video/7418518664955137287
6905832297980920833,7418173085020376338,chờ anh taxi,https://www.tiktok.com/@6905832297980920833/video/7418173085020376338
6905832297980920833,7417866765096602900,chạy install Bella trên Google Play Google Play Music on YouTube Apple Store,https://www.tiktok.com/@6905832297980920833/video/7417866765096602900
6905832297980920833,7417824748417076487,one piece of me the music baby,https://www.tiktok.com/@6905832297980920833/video/7417824748417076487
6905832297980920833,7417374635093757202,Levi's Canada là International communication the Marketing Online và,https://www.tiktok.com/@6905832297980920833/video/7417374635093757202
6905832297980920833,7416935173444488456,Justin Bieber silly Collagen label the face 2017,https://www.tiktok.com/@6905832297980920833/video/7416935173444488456
6905832297980920833,7416297918719692040,Malaysia Malaysia,https://www.tiktok.com/@6905832297980920833/video/7416297918719692040
6905832297980920833,7415916724660243730,explore communication unit,https://www.tiktok.com/@6905832297980920833/video/7415916724660243730
6905832297980920833,7415588496456289541,link xem phim đi vào lúc 20 độ Tính hiệu suất,https://www.tiktok.com/@6905832297980920833/video/7415588496456289541
6905832297980920833,7415255059350523141,Lady pizza prinia I don't know what is fine I want me up at school by the of life to school This is my communication is raining on street audio Spider Man 2 protein tham gia Pháp,https://www.tiktok.com/@6905832297980920833/video/7415255059350523141
6905832297980920833,7414864638791273733,Lady chicken Canada Phú not live streaming music,https://www.tiktok.com/@6905832297980920833/video/7414864638791273733
6905832297980920833,7414495342919503109,Lê Duy Khánh Chế Linh cưới vợ chồng son this are you from Love The Walking Dead no Gain of the Modern Talking MP3 Sennheiser Hồ Chí Minh,https://www.tiktok.com/@6905832297980920833/video/7414495342919503109
6905832297980920833,7414064270738066693,lễ dâng một đứa trẻ lên karaoke sắp xếp nào cao nhất thế giới 1950,https://www.tiktok.com/@6905832297980920833/video/7414064270738066693
6905832297980920833,7413698227343559942,resort speak Vietnamese That's the American International Vietnam,https://www.tiktok.com/@6905832297980920833/video/7413698227343559942
6905832297980920833,7413048724982713606,beautify Ok Google suy diễn đàn những gì đã cũ Canada is very Smart in the,https://www.tiktok.com/@6905832297980920833/video/7413048724982713606
6905832297980920833,7412655281403907348,chỉ cần có em đã xóa trên Facebook karadium Yoga,https://www.tiktok.com/@6905832297980920833/video/7412655281403907348
6905832297980920833,7412226887772081415,Lưu Chí Vỹ clothes unit 12 pro appvn Golden season,https://www.tiktok.com/@6905832297980920833/video/7412226887772081415
6905832297980920833,7411868093602974977,livescore.com me are you going the best of,https://www.tiktok.com/@6905832297980920833/video/7411868093602974977
6905832297980920833,7411466365489417489,Logitech pro in the birthday to you Happy birthday to you Happy birthday to you Happy birthday to you like today to you happy birthday happy birthday to you Happy birthday to you speak Vietnamese,https://www.tiktok.com/@6905832297980920833/video/7411466365489417489
